company_name,contact_and_address,phone,city,solar_priority
BUZY B INTERNATIONAL BUSINESS SOLUTIONS,"MS.NASHITA ASIF PLOT # 24,OFF.# 15,2 ND FLOOR,EXECUTIVE CENTRE, I-8 MARKAZ, ISLAMABAD",051-4861359,Islamabad,Medium
AMANAT & SONS ENTERPRISES (PVT) LTD,"HAJI AMANAT KHAN AMANAT MARKET, P.O. CHARAH, ISLAMABAD",051-2207163,Islamabad,Low
EXTREME ENGINEERING SYSTEMS (PVT) LTD,"MR.RAIHAN AHMAD 655, STREET # 41, E-11/3, ISLAMABAD",051-2222198,Islamabad,Low
XPLOR ENTERPRISES (PVT) LTD,"SYED ALI S-29, SAFA GOLD MALL, F-7 MARKAZ, JINNAH SUPER MARKET, ISLAMABAD",051-2652616,Islamabad,Medium
DETCO PAKISTAN (PVT) LTD,"MR.MAHRAM HUSSAIN ASIF 18-U,TWIN CITY COMPLEX, NEAR FAIZ-UL-ISLAM, FAIZABAD, ISLAMABAD",051-4575765,Islamabad,Low
EMERGING ENERGY SYSTEMS (PVT) LTD,"KAZI ZULKADER SIDDIQUI CHAUDHRY PLAZA,NEAR MR. CHIPS,OFF.2, JINNAH SUPER MKT.F-7 MARKAZ,ISLAMABAD",051-2652511,Islamabad,Medium
PAKISTAN ACCUMULATORS (PVT) LTD,"MR.HAROON MEHMOOD HOUSE NO.2, STREET # 63, F-8/4, ISLAMABAD",051-2852072,Islamabad,Low
AZNIA INTERNATIONAL (PVT) LTD,"MR.NADEEM MASIH GILL OFF.# 4, NAJEEB PLAZA,ALLAH WALI MARKET,ST.33 BLOCK 5, F-8/1,ISLAMABAD",051-2816142,Islamabad,Medium
"PACEM SOLUTIONS INTERNATIONAL PAKISTAN PVT. LTD.,","MR.HAMID MEHMOOD SHAH OFF.# 1,RAJA NASIR PLAZA, KIANI ROAD, BHARA KAU, ISLAMABAD",,Islamabad,Medium
ZKK TRADING COMPANY,"MR.ZAFAR KHAN KAKAR OFF.# 2, 1ST FLOOR, ISLAMABAD ARCADE, G-11 MARKAZ, ISLAMABAD",051-2363683,Islamabad,Medium
BEVERAGES PLUS (PVT) LTD,"MR.MUHAMMAD IMRAN KHAN PLOT D, CDA INDUSTRIAL TRIANGLE, KAHUTA ROAD, ISLAMABAD",051-4490490,Islamabad,High
HAIDRI BEVERAGES (PVT) LTD,"MR.MUHAMMAD IMRAN KHAN CDA INDUSTRIAL TRIANGLE, KAHUTA ROAD,ISLAMABAD",051-4490490,Islamabad,High
NF TRADERS,"MR.MUHAMMAD NADEEM AWAN PLOT # 247, STREET # 6, I-9/2, INDUSTRIAL AREA, ISLAMABAD",051-5554099,Islamabad,High
SAEED BOOK BANK,"MR.AHMAD SAEED AL-REHMAN CENTRE, F-7 MARKAZ, JINNAH SUPER MARKET,D-13, ISLAMABAD",051-2651656,Islamabad,Medium
RAAZ INDUSTRIES (PVT) LTD,"MR.MUHAMMAD ASGHAR KHAN PLOT # 1 & 2, GENERAL PROVISION WHOLESALE MARKET,I-11/3,ISLAMABAD",051-4434422,Islamabad,High
AL-REHMAN CARPETS,"MR.BISMILLAH KHAN SHOP # 8, 1ST FLOOR, BLOCK 8, SUPER MARKET F-6 MARKAZ, ISLAMABAD",051-2277072,Islamabad,Medium
ALHASAN SYSTEMS (PVT) LTD,"SYED MEHDI UL HASNAIN BOKHARI 205-C,2ND FLOOR,EVACUEE TRUST COMPLEX, F-5/1, ISLAMABAD",051-2820449,Islamabad,Low
AL-HUDA PUBLICATIONS (PVT) LTD,"MR.ATIF IQBAL 7-A.K, BROHI ROAD, H-11/4, ISLAMABAD",051-4866150,Islamabad,Low
,"MR.BOOKS MR.ABDULLAH YUSUF 9-B, SUPER MARKET, F-6 MARKAZ, ISLAMABAD",051-2870919,Islamabad,Medium
AFGHAN RUGS,"MR.MUHAMMAD RASOOL SHOP # 5, BLOCK 13-W, F-7 MARKAZ,JINNAH SUPER MARKET, ISLAMABAD",051-2651501,Islamabad,Medium
IDREES IMPEX,"MR.IDREES JAWED APPARTMENT # 10-C,BLOCK 9,F.G.E.H FOUNDATION, G-11/3, ISLAMABAD",051-2544734,Islamabad,Low
KASHAN CARPET,"MR.IRFAN AMAN BLOCK 8, SUPER MARKET, F-6, ISLAMABAD",051-2270776,Islamabad,Low
,"MALIK INTERIORS MR.SAGHIR AHMED MALIK 109-W, SARDAR BEGUM CHAMBER, BLUE AREA, ISLAMABAD",051-2828408,Islamabad,Medium
ORIENTAL CRAFT GALLERY,"MR.WAQAR AZEEM 241, STREET # 67, G-8/1, ISLAMABAD",051-2255508,Islamabad,Low
PAK TURK CARPETS,"MR.ABDUL GHAFOOR KHUDAYBIRDI HOUSE # 20-B, STREET 41, F-7/1, ISLAMABAD",051-2650451,Islamabad,Low
THREAD VIEW GALLERY,"MR.LAJPAT SHOP # 1B-1C,BLOCK # 8, SUPER MARKET,F-6,ISLAMABAD",051-2821869,Islamabad,Low
TURKMAN ORIENTAL CARPET,"MR.MUHAMMAD DAWOOD SHOP # 1,BLOCK-G,SCHOOL ROAD,SUPER MARKET,F-6 MARKAZ, ISLAMABAD",051-2875853,Islamabad,Medium
DEWAN CEMENT LTD,"MR.KHURSHEED ANWAR 58, MARGALLA ROAD, F-7/2, ISLAMABAD",051-2653001,Islamabad,Low
FUTURE DYNAMICS SERVICES (PVT) LTD,"MR.ABID KABIR CHEEMA PHA, FLATS 7, BLOCK # 1, G-8/4, ISLAMABAD",051-2288416,Islamabad,Low
CHARAGH ENTERPRISES,"MR.FAROOQ AHMED HOUSE # 8, GROUND FLOOR, NEELUM ROAD, G-9/3, ISLAMABAD",051-4300466,Islamabad,Low
THE SOLUTIONS ENTERPRISES,"MR.AHSAN MANSOOR OFF.#1,2,3 & 4,1ST FLOOR ALI PLAZA, CHINA CHOWK, BLUE AREA, ISLAMABAD",051-2871467,Islamabad,Medium
LAFARGE PAKISTAN CEMENT LTD,"MAJ.GEN.(R) REHMAT KHAN PCC PLAZA, PLOT # 18-B, F-8 MARKAZ, ISLAMABAD",051-2817135,Islamabad,Medium
SAPPHIRE PACIFIC,"MR.ZAFAR HAMEED HASHMI HOUSE # 1184, STREET # 44, I-10/2, ISLAMABAD",051-4448252,Islamabad,High
HYGEIA PHARMACEUTICALS,"ENGR.MAJ.(R)RAJA FARRUKH JAVED 295,INDUSTRIAL TRIANGLE KAHUTA ROAD, ISLAMABAD",051-4490882,Islamabad,High
TAHIR & ALIAN TRADING COMPANY,"MR.TAHIR MASOOD BUILDING # 82, ST.# 26, SECTOR-B, BAHRIA TOWN, ISLAMABAD",051-5705605,Islamabad,Low
KHYBER TOBACCO COMPANY LTD,"MR.SAMI-UR-REHMAN HOUSE # 64, STREET # 25 , F-10/1, ISLAMABAD",051-2102855,Islamabad,Low
GAP ENTERPRISES (PVT) LTD,"MR.GHIYAS ABDULLAH PARACHA HOUSE # 172, STREET #47, F-11/3, ISLAMABAD",051-2111789,Islamabad,Low
SETCO INTERNATIONAL,"MR.ARIF PERVAIZ HOUSE # 177, STREET 48, F-10/4, ISLAMABAD",051-2104829,Islamabad,Low
TARGET CONSULTING SERVICES,"MR.ASLAM QAZI SUITE # 701, 7TH FLOOR, GREEN TRUST TOWER, JINNAH AVENUE, ISLAMABAD",051-2813101,Islamabad,Medium
COMPUTER SUPERMARKET,"MR.NAEEM SIDDIQUI 103-GOLDEN PLAZA, FAZAL-ULHAQ ROAD, BLUE AREA, ISLAMABAD",051-2276952,Islamabad,Medium
JUST FILL (PVT) LTD,"MR. LEE KYOODUK HOUSE # 362, STREET # 11, A BLOCK, PWD, ISLAMABAD",051-5155862,Islamabad,Low
MICROTECH INTERNATIONAL (PVT) LTD,"MR.WASIM ZAFAR HOUSE # 14, STREET 12, F-8/3, ISLAMABAD",051-2252076,Islamabad,Low
SPECTRUM SYSTEMS,"MR.QAISER NADEEM # 4,87-W, ABBAS CENTRE, FAZAL-UL-HAQ HAQ ROAD, BLUE AREA, ISLAMABAD",051-2344613,Islamabad,Medium
ELC SOLUTIONS CORP (PVT) LTD,"MR.EHTSHAM-UL-HAQ HOUSE # 208, STREET 20, G-10/2, ISLAMABAD",051-2104212,Islamabad,Low
HELIOS INFRASTRUCTURE & LOGISTICS PVT.LTD,"MR.MUHAMMAD IRFAN ALI CHAUDHRY HOUSE # 8, STREET # 69, F-8/3, ISLAMABAD",051-2263120,Islamabad,Low
HORUS TRADING CORPORATION,"MR. MUHAMMAD AKBAR OFF.# 16, 2ND FLOOR, GOLDEN PLAZA, G-11 MARKAZ, ISLAMABAD",051-2361646,Islamabad,Medium
MBK TRADING COMPANY (PVT) LTD,"MR.MEHRAB KHAN #1, ATHAL CHOWK, UPPER NEW SARHAD BORING,MURREE RD. BHARA KAU, ISLAMABAD",051-2231716,Islamabad,Low
PAK CHANNEL (PVT) LTD,"MR.MUHAMMAD KHAN NIAZI OFF.# 12, ANIQ PLAZA, MEZZANINE FLOOR, I-8 MARKAZ, ISLAMABAD",051-4862623,Islamabad,Medium
TRANS TECH PAKISTAN,"MR.FIAZ AHMED SUITE 8, GROUND FLOOR, 4,ETC, AGHA KHAN ROAD, F-5/1, ISLAMABAD",051-2870422,Islamabad,Low
AXCESS INTERNATIONAL,"MR.EHSANULLAH TAHIR DOGAR # 2, G.FLOOR,PLOT 25, ALLADIN BUILDING,SAWAN RD.G-11/3, ISLAMABAD",051-2221711,Islamabad,Low
DFA MEDICA INTERNATIONAL (PVT) LTD,"MRS.NASIM CHAUDHRY HOUSE # 25-A, STREET # 52/56, F-6/4,ISLAMABAD",051-8733552,Islamabad,Low
HUNZA APRICOT OIL SOAP COMPANY,"MR.IRFAN KARIM FLAT # 5,2ND FLOOR, MUHAMMAD PLAZA, STREET #40/39, I&T CENTRE, ISLAMABAD",051-2355604,Islamabad,Medium
IQRA INTERNATIONAL (PVT) LTD,"MR.MUHAMMAD IQBAL NAEEM BLOCK # 24, FLAT # 2, PHA G-7/1, ISLAMABAD",051-2202528,Islamabad,Low
A.Q.ENTERPRISES,"MR.ABDUL QUDDUS 6-GROUND FLOOR, DHODY PLAZA, 52-E, BLUE AREA, ISLAMABAD",051-2272834,Islamabad,Medium
ALPHA GARMENTS INDUSTRIES,"MR.FAISAL AKBAR PLOT # 198, STREET # 1,I-10/3, ISLAMABAD",051-4444510,Islamabad,High
APCIL CHEMICAL INDUSTRIES (PVT) LTD,"MR.ASIF JAVAID PLOT # 111, STREET 10, I-9, INDUSTRIAL AREA, ISLAMABAD",051-4432135,Islamabad,High
HARDBONE INTERNATIONAL (PVT) LTD,"MR.ABDUL RAZZAQUE OFF.# 9, 2ND FLOOR, MUJAHID PLAZA,BLUE AREA, ISLAMABAD",051-2803177,Islamabad,Medium
ELAHI COTTON MILLS LTD,"MR.MAHBOOB ELAHI 270, I-9 SECTOR, INDUSTRIAL AREA, ISLAMABAD",051-4433451,Islamabad,High
FAMOUS BRANDS (PVT) LTD,"COL.(R) MUHAMMAD IHSAN PIRACHA HOUSE # 13, STREET # 43, F-7/1, ISLAMABAD",051-2653872,Islamabad,Low
HADEED SAFETY WEAR,"MRS.AMNA MINHAS PLOT # 198, STREET # 1, I-10/3, INDUSTRIAL AREA, ISLAMABAD",051-8356769,Islamabad,High
LEGATO (PVT) LTD,"MR.KHALID SAIFULLAH KHAN 121, STREET # 3, PTV COLONY, SIMLI DAM,BHARA KAU, ISLAMABAD",051-2234212,Islamabad,Low
NAINA IMPEX,"MS.SUMBAL QAISER HOUSE # 198, STREET # 7, RAWAL TOWN, ISLAMABAD",051-2842212,Islamabad,Low
PAKISTAN LI CHENG INTERNATIONAL (PVT) LTD,"MR.LIU PENG HOUSE # 1, STREET # 60, F-7/4, ISLAMABAD",051-2611505,Islamabad,Low
PAK CAPITAL TRADING CO,"MR.MASHHOOD AHSAN GILL APARTMENT # 3-T,BLOCK 2, KARAKORAM HEIGHTS,F-11/1, ISLAMABAD",051-2569291,Islamabad,Low
PROCSUL (PVT) LTD,"MR.HUMAYUN AIJAZ OFF.# 202, 2ND FLOOR, PLOT # 12/M,SQUARE PLAZA, G-8 MARKAZ, ISLAMABAD",051-2576068,Islamabad,Medium
PROGRESSIVE TRADE INTERNATIONAL,"MR.M. ABBAS HASHMI OFF.2,1ST FLOOR,SARDAR MANSION,FAZAL-E-HAQ RD.BLUE AREA, ISLAMABAD",051-2825167,Islamabad,Medium
RAIPUR ASSOCIATES (PVT) LTD,"MR.ZIA KHALIQ AHMED CHUGHTAI HOUSE # 1, DOUBLE ROAD, G11/2, ISLAMABAD",051-2360701,Islamabad,Low
REDCO TEXTILE LIMITED,"MR.AHSAN-UR-REHMAN KHAN REDCO ARCADE, 4TH FLOOR, 78E, JINNAH AVENUE, ISLAMABAD",051-2271362,Islamabad,Medium
SAIR INTERNATIONAL,"MR.MUHAMMAD ZAHEER SAIR HOUSE # 5, KORANG ROAD, BANI GALA, ISLAMABAD",051-2613835,Islamabad,Low
SWIFT BIZ SOLUTIONS (PVT) LTD,"MR.ABDUL REHMAN MEHMOOD 95-A, STREET # 18, F-11/2, ISLAMABAD",051-2297847,Islamabad,Low
GILLANI HYGIENIC PRODUCTS (PVT) LTD,"SYED RIAZ SHAH PLOT # 190, KAHUTA TRIANGLE,INDUSTRIAL AREA,HUMMAK,ISLAMABAD",051-5558713,Islamabad,High
CNPC CHUANQING DRILLING ENGG.COMPANY LTD,"MR.ZENG WEIJUN HOUSE # 56, STREET # 1, F-6/3, ISLAMABAD",051-2828838,Islamabad,Low
DEWAN DRILLING LTD,"MR.MUHAMMAD ALI-UD-DIN ANSARI 46-NAZIMUDDIN ROAD, F-7/4, ISLAMABAD",051-2655470,Islamabad,Low
RENTAL SOLUTIONS & SERVICES (PVT) LTD,"MR.AAMIR MANSOOR HOUSE # 24, STREET # 30, F-6/1, ISLAMABAD",051-2276552,Islamabad,Low
TNB LIBERTY POWER LTD,"MR.WAN NORAZRI BIN AB AZIZ 92, RAZIA SHARIF PLAZA, 4TH FLOOR, BLUE AREA, ISLAMABAD",051-2276344,Islamabad,Medium
EVS-EVISION SOFTWARE,"MR.M.AZHAR HUSSAIN HOUSE # 1018, STREET # 93, 1ST FLOOR, I-8/4, ISLAMABAD",051-4861689,Islamabad,Low
INTEGRA OPUS GROUP,"MR.QASIM BIN SIDDIQUE 13-B, GALAXY ARCADE, G.FLOOR, G-11 MARKAZ, ISLAMABAD",051-4444852,Islamabad,Medium
SHER KHAN TRADERS,"MR.SHER KHAN SHOP # 80,FRUIT MARKET, I-11/4, ISLAMABAD",051-5536890,Islamabad,High
"TELE ALLIANCE SARDAR ESPHANDYAR KHAN OFF.# 207,2ND FLOOR, GINZA CENTRE, JINNAH AVENUE, ISLAMABAD",,051-2804203,Islamabad,Low
TESLA INDUSTRIES (PVT) LTD,"MR.AAMIR HUSSAIN PLOT NO.81-G, ST.NO.6, I-10/3, ISLAMABAD",051-4441404,Islamabad,High
THE WORX,"MR.HABIB ULLAH MIR HOUSE # 567, STREET # 99, G-9/4, ISLAMABAD",051-2228936,Islamabad,Low
XPLOR TECHNOLOGIES,"SYED ALI PLOT # 5,SAFA GOLD MALL F-7 MARKAZ,JINNAH SUPER MARKET, ISLAMABAD",051-2210460,Islamabad,Medium
ZEB BROTHERS (PVT) LTD,"MR.WAJID CHAN ZAIB AL HAMID MALL OFF.15-16, 2ND FLOOR, NEAR D.WATSON G-11 MARKAZ, ISLAMABAD",051-2361485,Islamabad,Medium
ALVI CORPORATION (PVT) LTD,"MS.SABA ALVI SHOP # 1, AGHAZ PLAZA, F-8 MARKAZ, ISLAMABAD",051-2851266,Islamabad,Medium
A.A.FLOWMATIC ENGINEERING (PVT) LTD,"MR.NAVEED TAJAMAL HUSAIN MALIK PLOT # 101-103, HUMAK, INDUSTRIAL ESTATE, SIHALA ROAD, ISLAMABAD",051-4491446,Islamabad,High
AGROVENTURES (PVT) LTD,"BRIG.(R) FAROOQ AFZAL HOUSE # 5, STREET # 15, F-7/2, ISLAMABAD",051-2652713,Islamabad,Low
"BIAFO INDUSTRIES LTD. KHAWAJA AMANULLAH ASKARI 203-204,M.GULISTAN KHAN HOUSE,FAZAL-E-HAQ ROAD, 82E,BLUE AREA,ISLAMABAD",,051-2150263,Islamabad,Low
BOTANIC BERG,"MR.KAMRAN ZAIDI 2ND FLOOR,AAMIR BLDNG. NEAR AIMS(SCHOOL)HAIDER CAMPUS,TARLAI,ISLAMABAD",051-2532347,Islamabad,Low
ASIA INTERNATIONAL,"MR.MUHAMMAD ASIF HOUSE # 15, STREET # 53, G13/2, ISLAMABAD",051-2508667,Islamabad,Low
EFFENDI CONSOLIDATED (PVT) LTD,"DR.SARDAR AZAM EFFENDI HOUSE # 132-A, STREET # 37, F10/1, ISLAMABAD",051-2104756,Islamabad,Low
HEDRA TECHNOLOGY CONSULTANTS (SMC-PVT)LTD,"MR.ROMAN AFROZ BUTT OFF.# 7,2ND FLOOR,64-W, MASCOW PLAZA,BLUE AREA, JINNAH AVENUE,ISLAMABAD",051-2803171,Islamabad,Medium
HIMALAYA HONEY BEES,"MR.ABDUL RAUF HOUSE # 10,STREET # 9, MUSLIM TOWN,SIMLY DAM ROAD BHARA KAU,ISLAMABAD",051-2230079,Islamabad,Low
IMPEX CO,"MR.ABDUL WAHEED KHAN HOUSE # 7,STREET # 3-D, SECTOR-B,DHA PHASE-II, ISLAMABAD",051-5562039,Islamabad,Low
QURESHI TRADERS,"MR.JUNAID SHAHID QURESHI HOUSE # 126, AL-REHMAN ROAD, GHORI TOWN, KHANNA EAST, ISLAMABAD",051-2528070,Islamabad,Low
RAAMIK (PVT) LTD,"MR.WAQAS JAMIL HOUSE # 1574, STREET 72, SECTOR-F,DHA-1, ISLAMABAD",051-5874418,Islamabad,Low
SALMAN & CO,"MR.HASSAN KAMRAN BUTT 31, SCHOOL ROAD, F-6/1, ISLAMABAD",051-2241291,Islamabad,Low
SALMAN ENTERPRISES,"MR.SAMIR SALMAN BUTT 5, HILL ROAD, F-6/2, ISLAMABAD",051-2241291,Islamabad,Low
SETHI & CO,"MR.TARIQ FAROOQ SETHI PLOT # 397,398,399, I-9/3, INDUSTRIAL AREA, ISLAMABAD",051-4449547,Islamabad,High
SUN RISE EXPORTER,"MS.ALIA SOHAIL HOUSE # 130, STREET # 65, F-11/4, ISLAMABAD",051-2110493,Islamabad,Low
VISUAL ENTERPRISES,"MR.BASHIR AHMED FLAT # 2, BLOCK 3-C, ST. # 41, POWER MARKET, G-10/4, ISLAMABAD",051-2855240,Islamabad,Low
WATERCON,"SYED ABID ALI BUKHARI HOUSE # 203, STREET # 1A, F10/3, ISLAMABAD",051-2154088,Islamabad,Low
WILSON INTERNATIONAL,"MR.LATIF-UR-REHMAN HOUSE # 23, STREET #28, F-8/1, ISLAMABAD",051-8431818,Islamabad,Low
YONG ZHEN IMPORT & EXPORT COMPANY (PVT) LTD,"MR.LI YONG ZHANG HOUSE # 3, STREET # 8, F-8/3, ISLAMABAD",051-2853623,Islamabad,Low
ABDUL GHAFOOR & SONS,"CH.ABDUL GHAFOOR SHOP # 300, SABZI MANDI,I11/4, ISLAMABAD",051-4440671,Islamabad,Low
B.S.INTERNATIONAL,"CH.PERVAIZ BASHIR PLOT NO.15-16, I-11/4, FRUIT MARKET, ISLAMABAD",051-4442890,Islamabad,High
BASHIR SHABIR & CO,"MR.BASHIR AHMED SHOP # 236, NEW SABZI MANDI, I-11/4, ISLAMABAD",051-4443363,Islamabad,High
,"HAFIZ ABDUL WAHEED & SONS HAFIZ ABDUL WAHEED PLOT # 53, FRUIT MARKET I11/4, ISLAMABAD",051-4449784,Islamabad,Low
AL-MIRAJ INTERNATIONAL,"MR.SIKANDAR HAYAT SUITE # 12FF, 1ST FLOOR, MUSSARAT ARCADE, G-11 MARKAZ, ISLAMABAD",051-2362801,Islamabad,Medium
GOLDEN FOODS,"MR.AJAZ IBRAHIM 59, TRIANGLE INDUSTRIAL ESTATE, KAHUTA ROAD, HUMMAK, ISLAMABAD",051-4491203,Islamabad,High
DESIGNMEN CONSULTING ENGINEERS (PVT) LTD,"MR.MUJEEB AHMAD 1ST FLOOR,9-WEST,RIZWAN PLAZA, JINNAH AVENUE, F-6, ISLAMABAD",051-2828577,Islamabad,Medium
RABBANI ENTERPRISES,"SYED TAHIR MAHMOOD RABBANI OFF.# 2, 8-A, POTOHAR PLAZA, BLUE AREA, ISLAMABAD",051-2274394,Islamabad,Medium
MAFHH INTERNATIONAL,"SYED ISRAR HUSSAIN PLOT # 256, STREET # 6, I-9/3, ISLAMABAD",051-4432088,Islamabad,High
MARWA IMPEX,"MR.MUHAMMAD YASEEN OFF.# 25-A, STREET # 4, NEW SHAKRIAL, GARDEN TOWN, ISLAMABAD",051-4443507,Islamabad,Low
MEHMAND INSAF COMMISSION AGENTS,"MR.MUHAMMAD REHMAN SHOP # 75, FRUIT MARKET, I-11/4, ISLAMABAD",051-4444167,Islamabad,High
SHEIKH IMPEX,"MR.MUHAMMAD SHABBIR SHOP # 283, FRUIT & VEGETABLE MARKET, I-11/4, ISLAMABAD",051-4443363,Islamabad,High
DINSONS,"MR.SHAHBAN SHOUKAT BLOCK 8,2ND FLOOR,SUITE 201205,SHAUKAT COMPLEX, F-6,SUPER MKT.ISLAMABAD",051-2276284,Islamabad,Low
PESHAWAR ROSE WOOD & CARPET COLLECTION,"MR.SAID REHMAN SHOP # 2,BLOCK # 5-B,F-6 MARKAZ,SUPER MARKET, ISLAMABAD",051-2277109,Islamabad,Medium
FORTE ASSOCIATES,"MR.FAWAD ALI BAAHIR PLAZA, KIANI ROAD BHARA KAU, ISLAMABAD",051-2233483,Islamabad,Medium
PAK TURK ENTERPRISES,"MR.SUDDR-UD-DIN HOUSE # 1001, STREET # 93, 1ST FLOOR, I-8/4, ISLAMABAD",051-4866027,Islamabad,Low
STRONGMAN MEDIFUR SYSTEMS (PVT) LTD,"MR.ALI HASAN PLOT 14, SANITARY MARKET, I-11/3, ISLAMABAD",051-4863946,Islamabad,High
BABAR & SONS,"MR.MUHAMMAD ZAHEERUDDIN BABAR 22,2ND FLOOR, ZAKI CENTRE, I-8 MARKAZ, ISLAMABAD",051-4861261,Islamabad,Medium
DURRANI CORPORATION (PVT) LTD,"MR.FARHAD DURRANI 248-B, STREET # 32, F-10/1, ISLAMABAD",051-2293000,Islamabad,Low
HAMEEDA'S ENVOGUE FASHION,"MS.HAMIDA SHAHID HOUSE # 161, STREET # 47, F-10/4, ISLAMABAD",051-5854294,Islamabad,Low
KHURSHID FATIMA & SONS,"MR.MUHAMMAD NAEEM HOUSE # 164,STREET # 6, PHASE 4-B,GHORI TOWN, ISLAMABAD",051-2150118,Islamabad,Low
LAILA (PVT) LTD,"MS.HINA MANSAB KHAN HOUSE # 499, STREET # 109, I-8/4, ISLAMABAD",051-2298877,Islamabad,Low
MYSTIQUE BOUTIQUE,"MR.ZIA KHALID CHAUDHRY SHOP 10, BLOCK # 5, MEHMOOD PLAZA, FAROOQIA MARKET, F-6/1, ISLAMABAD",051-2814126,Islamabad,Medium
NAK'LAH WEARS,"MR.ABBAS KARIM PLOT # 2-L, STREET # 38, I-9/4, ISLAMABAD",051-4858444,Islamabad,High
PAKGULF TRADING CO,"MR.MUHAMMAD NABEEL TAHIR OFF.95,FRUIT & VEGETABLE MARKET, I-11/4,ISLAMABAD",,Islamabad,High
SAFRAN INTERNATIONAL (PVT) LTD,"MR.MISBAH ULLAH OFF.#5,2ND FLOOR,MUSARAT ARCADE, G-11 MARKAZ, ISLAMABAD",051-2360758,Islamabad,Medium
JN ENTERPRISES,"MR.JOSEPH JOHN DAYAL SANA APARTMENT # 6, DIPLOMATIC ENCLAVE, G-5, ISLAMABAD",051-4861172,Islamabad,Low
RAFSU INTERNATIONAL,"MR.ASHFAQ ULLAH 573, STREET # 4, I-9/1, ISLAMABAD",051-4430722,Islamabad,High
OPAL STUDIOS,"CHAUDHRY USMAN-UL-HAQ 3RD FLOOR, 16-D, SAFDAR MANSION, FAZAL-E-HAQ RD.BLUE AREA, ISLAMABAD",051-2871549,Islamabad,Medium
MAGNUM & CO,"MR.IRFAN SAEED MALIK # 4, STREET # 4, F-8/3, ISLAMABAD",051-2287075,Islamabad,Low
NIAZI ENTERPRISES,"MR.YAR MUHAMMAD NIAZI D-17, BHADANA FATEH JANG ROAD, TARNOL, ISLAMABAD",051-5826235,Islamabad,Low
,"QAZI & SONS MR.MUHAMMAD AFTAB QAZI PLOT # 375-A, POTHOHAR ROAD,I-9/3, INDUSTRIAL AREA, ISLAMABAD",051-4435374,Islamabad,High
VIBRANT SOLUTIONS,"MR.SHAHAB RABBANI MALIK HOUSE # 215, STREET # 75, F-11/1, ISLAMABAD",051-2113065,Islamabad,Low
WORLD WIDE VISION (PVT) LTD,"QAZI TAHIR NADEEM 8-HUMA PLAZA, BLOCK 25, FAZAL-E-HAQ ROAD, BLUE AREA, ISLAMABAD",051-2829357,Islamabad,Medium
BEHRAM AUTOS,"MR.MUHAMMAD UMAR OFF.# 32,33, WALEED PLAZA, SARRYA MORE, TARNOL, ISLAMABAD",051-4411058,Islamabad,Medium
CHEMECH ENGINEERS (PVT) LTD,"MR.MUHAMMAD YOUNUS BEG MIRZA HOUSE # 23, STREET # 61, F-8/4, ISLAMABAD",051-2266191,Islamabad,Low
GEO IMPEX,"MR.MUHAMMAD ASIF AKBAR MARKET,PESHAWAR RD OPP.RAMZAN CNG,SARAI KHRBUZA,TARNOL,ISLAMABAD",051-2226939,Islamabad,Low
AAFIA ENTERPRISES,"MR.SHAUKAT ALI 429-A, STREET # 14, I-9, INDUSTRIAL AREA, ISLAMABAD",051-4434291,Islamabad,High
BROADBASE ENTERPRISES,"MS.NAJAM-US-SAHER HOUSE # 22, STREET # 26, KORANG TOWN, ISLAMABAD",051-5958751,Islamabad,Low
CONVERGE ENTERPRISE SERVICES (PVT) LTD,"MR.FAROOQ RAUF SUITE # 4, 3RD FLOOR, HASSAN ARCADE, F-11 MARKAZ, ISLAMABAD",051-2224317,Islamabad,Medium
CROEM PAKISTAN (PVT) LTD,"MR.MUHAMMAD HUSSAIN OFF.# 2, 2ND FLOOR, BLOCK E-1, SUPER MARKET, F-6 MARKAZ, ISLAMABAD",051-2826086,Islamabad,Medium
DIGITAL RESEARCH LABS (PVT) LTD,"MR.HASHIR JAN OFF.# 44, STREET # 23, F-10/2, ISLAMABAD",051-2294583,Islamabad,Low
KNOWLEDGE PLATFORM (SMCPVT) LTD,"MR.TALHAH MUNIR KHAN 3RD FLOOR, CONSTITUTION AVENUE,F-5/1, SOFWARE TECHN. PARK, ISLAMABAD",051-2828668,Islamabad,Low
TIP TOP EMBROIDERERS (PVT) LTD,"MR.GHALIB ANWAR PLOT # 5,DURRANI STREET BANI GALA, ISLAMABAD",051-2612732,Islamabad,Low
UMAR & CO,"MR.MUHAMMAD UMAR H.# 382,ST.# 47-A,GROUND FLOOR,PHASE-II,MARGALLA TOWN, ISLAMABAD",051-2612867,Islamabad,Low
W.W TRADE ENTERPRISES,"MR.ABUL HASHIM SYED AHMED ALVI HOUSE # 2090, CHAMBALY ROAD, I-10/2, ISLAMABAD",051-4442257,Islamabad,High
PAK ENGINEERING,"MR.HASSAN FARID PLOT # 25,I-9,INDUSTRIAL AREA, ISLAMABAD",051-4434134,Islamabad,High
USMAN BROTHERS,"CHAUDHRY AAMIR IKRAM OFF.# 372, STREET # 64, I-8/3, ISLAMABAD",051-4442976,Islamabad,Low
VICTORY PIPE INDUSTRIES (PVT) LTD,"CH.WAHEED-UD-DIN PLOT 330, ST.# 4, I-9/3, INDUSTRIAL AREA, ISLAMABAD",051-4434384,Islamabad,High
WARRAICH STEEL INDUSTRIES,"MR.MEHMOOD AHMED WARRAICH PLOT # 205, KORANG ROAD, I-10/3,INDUSTRIAL AREA, ISLAMABAD",051-4102323,Islamabad,High
CRYSTALLINE JEWELLERS,"MR.AMJAD ZAHEER AHMED OFF.# 4,64-W,1ST FLOOR, MASCO PLAZA, BLUE AREA, ISLAMABAD",051-2577910,Islamabad,Medium
EXPERTS GEMS & MINERALS,"MR.USMAN ALI BUILDING # 21, STREET 4, BLOCK-A, MAIN COMMERCIAL SOAN GARDEN,ISLAMABAD",051-5739259,Islamabad,Low
HANIA ENTERPRISES,"MR.MUHAMMAD FAYYAZ QURESHI 1ST FLOOR, FAYYAZ PLAZA 45, BLUE AREA,ISLAMABAD",051-2604624,Islamabad,Medium
MARVA GENERAL TRADING,"MR.NASIR KHAN SHAHEEN FARM,NEAR KALMA CHOWK,MAIN SIMLY DAM RD BHARA KAU, ISLAMABAD",051-2554059,Islamabad,Low
NEW MUGHAL JEWELLERS,"MR.AHMED HASSAN MUGHAL 1-E, SUPER MARKET, F-6 MARKAZ, ISLAMABAD",051-2877179,Islamabad,Medium
SKZ MINING COMPANY (PVT) LTD,"MR.AMINULLAH BAIG HOUSE # 218, STREET # 41, G-9/1, ISLAMABAD",051-2855403,Islamabad,Low
KITCHEN CARE,"MR.HASAN AMIR GARDEZI 103-GOLDEN PLAZA, BLUE AREA, ISLAMABAD",051-2875226,Islamabad,Medium
ALI IMPEX INTERNATIONAL (SMC-PVT) LTD,"MS.QURAT-UL-AIN ALI CH.MAHBOOB PLAZA,JILANIA ABAD,OPP.SHAHEEN CARGO,B.I.AIRPORT,ISLAMABAD",051-5590239,Islamabad,Medium
FAHAD ENTERPRISES,"MR.FAHAD ALI SHAH FLAT # 1, PLOT # 12-E,F-7 MARKAZ, JINNAH SUPER MARKET, ISLAMABAD",051-2650081,Islamabad,Medium
LUNAR TECHNOLOGIES (PVT) LTD,"MR.HAMOOD ALI JAFRI 184, STREET # 33, I-8/2, ISLAMABAD",051-8449457,Islamabad,Low
PROGRESSIVE VENTURES,"MR.ABDUL NASIR REHMAN OFF.# 9,2ND FLOOR, CAPITAL PLAZA, G-11 MARKAZ, ISLAMABAD",051-2221020,Islamabad,Medium
M.YOUSUF & CO.MANAGEMENT CONSULTANT,"MR.MUHAMMAD YOUSUF KHAN OFF.# 6,1ST FLOOR, BENAZIR PLAZA, JINNAH AVENUE, ISLAMABAD",051-2803231,Islamabad,Medium
AKRAM BROTHERS,"MR.MUHAMMAD AKRAM HOUSE # 7, NEELAM ROAD, G-9/3, ISLAMABAD",051-2857002,Islamabad,Low
GOLD ROOF (PVT) LTD,"RAJA NAZEEM-UL-AMIN HOUSE # 299,STREET # 3, F-10/3, ISLAMABAD",051-2113980,Islamabad,Low
SUPPLY SKILLS (PVT) LTD,"DR.RAJA NASIM ULLAH KHAN HOUSE # 20, STREET # 4, F-8/3, ISLAMABAD",051-9234000,Islamabad,Low
WIN PIPE INDUSTRIES (PVT)LTD,"MR.JAMAL ABDUL NASIR OFFICE # 81, ST. # 6, I-10/3,INDUSTRIAL AREA, ISLAMABAD",051-4444860,Islamabad,High
M.A STEEL CASTING,"MR.FAHAD FARID PLOT # 25,I-9,INDUSTRIAL AREA, ISLAMABAD",051-4434135,Islamabad,High
FAZAL STEEL (PVT) LTD,"MR.ILYAS AZIZ MALIK PLOT # 418-421, I-9, INDUSTRIAL AREA, ISLAMABAD",051-4434813,Islamabad,High
TURNOTECH (PVT) LTD,"MR.SHOAIB ALAM HOUSE # 236, STREET # 18, F-10/2, ISLAMABAD",051-2112331,Islamabad,Low
MUHAMMAD ASLAM KHAN & SONS (PVT) LTD,"MR.ABDUL GHAFOOR KHAN HOUSE 253, SUNSET STREET, GREEN AVENUE, NEW CHAK SHAHZAD, ISLAMABAD",051-5587117,Islamabad,Low
S.K.INTERNATIONAL,"MR.MUHAMMAD SAEED KHAN I-C, SUPER MARKET, F-6 MARKAZ, ISLAMABAD",051-2270797,Islamabad,Medium
AHMED TRADING,"MR.AHMED RIAZ HOUSE # 22, STREET 35,F-6/1, ISLAMABAD",051-2288318,Islamabad,Low
FARRUKH GRANITE ART,"MR.M.FARRUKH MAJEED UNIT # 2, PLOT 2-D, JANJUA PLAZA,I-9 MARKAZ ISLAMABAD",051-4446222,Islamabad,High
GLOBAL ENTERPRISES,"MR.MUHAMMAD FAISAL 5LG, G-D ARCADE, FAZAL-E-HAQ ROAD, BLUE AREA, ISLAMABAD",051-2348457,Islamabad,Medium
GOLDEN STONE INTERNATIONAL (PVT) LTD,"MR.ADNAN KASHIF # 332 INDUS VILLA, RAVI ROAD, G-8/2, ISLAMABAD",051-2802124,Islamabad,Low
KHATTAK TRADERS,"MR.GULZAR AHMAD OFF.# 3,2ND FLOOR,PLOT # 16,ARSHAD SHARIF PLAZA, G-11 MARKAZ, ISLAMABAD",051-2830196,Islamabad,Medium
LEPAK MINING COMPANY (PVT)LTD,"MR.MUHAMMAD SHAKEEL MUNIR PLOT # 260, ST.# 8, I-9/3, INDUSTRIAL AREA, ISLAMABAD",051-4438438,Islamabad,High
MB ENTERPRISES,"MR.MUNIR AHMAD BUTT 5-B, WASIL PLAZA,FAZAL-E-HAQ ROAD,BLUE AREA, ISLAMABAD",051-2806030,Islamabad,Medium
MUSHTARKA MINING,"MR.SHAHID-UR-REHMAN OFF.# 5-6,89 BILAL PLAZA JINNAH AVENUE,BLUE AREA, ISLAMABAD",051-2802125,Islamabad,Medium
NATURAL MARBLE,"SYED SATTAR HUSSAIN SHAH OFF. # 1,SHAHEEN CENTRE, I-9 CHOWK, ISLAMABAD",051-4449246,Islamabad,High
PAKISTAN STONE DEVELOPMENT COMPANY,"MR.IHSANULLAH KHAN 2ND FLOOR, ICCI BUILDING MAUVE AREA, G-8/1, ISLAMABAD",051-9263465,Islamabad,Low
ROYAL INTERNATIONAL,"MR.NAVEED AHMED CH. SADIQ PLAZA, OPP.ATTOCK PETROL PUMP, MAIN LEHTRAR RD.TARLAI KALAN,ISLAMABAD",051-2241530,Islamabad,Medium
SK STONES (PVT) LTD,"MR.SAQIB FARID SK CASA, 390, ST.16,I-9/3 POTOHAR ROAD,INDUSTRIAL AREA, ISLAMABAD",051-4859036,Islamabad,High
SOHAIL CIVIL ELECTRICAL MECHANICAL ENGINEER & CONTRACTORS PVT.LTD,"MR.ADEEL AHMED # 1,2ND FL.FAZAL ARCADE, F-11 MARKAZ, ISLAMABAD",051-2511083,Islamabad,Medium
STAR MARBLE TILES,"MIAN ABDUL SAMI 215, ST.NO.7,I-9/3, INDUSTRIAL AREA, ISLAMABAD",051-4435000,Islamabad,High
SUNNY TECH (SMC-PVT) LTD,"MS.MUKEDAISI WUFUER FLAT B-1,328,3RD FLOOR, MUSTAFA TOWER, F-10 MARKAZ, ISLAMABAD",051-2263636,Islamabad,Medium
THE BLESSOR'S MARBLES,"MR.MISAR KHAN AFRIDI ADJACENT POLICE CHECK PO NEAR AFRIDI NURSERY,PESH ROAD,TARNOL,ISLAMABAD",051-2227711,Islamabad,Low
HILAL MEAT PROCESSING (PVT) LTD,"MR.MUHAMMAD IRFAN FARID CHIP HOUSE, PLOT # 5, FAYYAZ MARKET, STREET 9, G-8/2, ISLAMABAD",051-2280081,Islamabad,Low
E&P EQUIPMENTS MARKETING COMPANY (PVT)LTD,"MR.MUHAMMAD JAVED AWAN SUITE # N13, GOLDEN HEIGHT TOWERS, F-11/1, ISLAMABAD",051-2224809,Islamabad,Medium
BLUJAY CONSULTING (PVT) LTD,"SYED USMAN HUSSAIN SHAH HOUSE # 1222, STREET # 8 G-11/1, ISLAMABAD",051-2361583,Islamabad,Low
FAKHR-E-ALAM MEDICAL SUPPLIERS,"SYED MUNAWAR HUSSAIN SHOP 2, ISRAR PLAZA,MAIN SHAHPUR BAZAR,PHULGRAN RD.BHARA KAU,ISLAMABAD",051-2500144,Islamabad,Medium
GOA INTERNATIONAL,"MR.AMIR PERVAIZ OFF.# 313, STREET # 95, G-9/4, ISLAMABAD",051-5824257,Islamabad,Low
HM ENTERPRISES,"MR.ABDULLAH MASOOD KHAN 3-AL-REHMAN CHAMBER,79-E BLOCK-G,FAZAL-UL-HAQ RD. BLUE AREA, ISLAMABAD",051-2344043,Islamabad,Medium
ALMAS TRADERS,"MR.IMTIAZ ALI KAYANI 501, 5TH FLOOR, GINZA CENTRE,104-W, JINNAH AVENUE, ISLAMABAD",051-2347050,Islamabad,Medium
NAYYER BROTHERS & COMPANY,"MR.NAYYER FARHAN OFF.# 8, 1ST FLOOR, PLAZA 2000, I-8 MARKAZ, ISLAMABAD",051-4861187,Islamabad,Medium
SURGILINE INTERNATIONAL,"MR.MUHAMMAD SHOAIB HOUSE # 296, STREET # 67, F-11/1, ISLAMABAD",,Islamabad,Low
BAIG & SONS INTERNATIONAL (PVT) LTD,"MIRZA TAIMUR ASHRAF BAIG HOUSE # 479, STREET 17, SHAHZAD TOWN,ISLAMABAD",051-2557016,Islamabad,Low
CHINA HAH MINING RESOURCES (PVT) LTD,"MR.ZHANG LIQANG 405, 2ND FLOOR,MILLINIUM HEIGHTS, F-11 MARKAZ, ISLAMABAD",051-2224897,Islamabad,Medium
HESHENG CRESCENT MINING (PVT) LTD,"MR.MUHAMMAD SAEED KASHMIR HIGHWAY, NEAR MOTORWAY INTERCHANGE,1KM ISB.RD.G-14/1,ISLAMABAD",051-5464062,Islamabad,Low
NEW ERA ADVANCED TECHNOLOGY,"SYED ADEEL AHMAD ZAIDI PLOT # 33, STREET 10,I-9/2, INDUSTRIAL AREA, ISLAMABAD",051-4101302,Islamabad,High
OMEN (PVT) LTD,"MR.AFTAB HAIDER NAQVI 299, STREET # 76, G-9/3, ISLAMABAD",051-2853382,Islamabad,Low
PAKISTAN METAL MINERALS (PVT) LTD,"MR.XU PING PLOT # 260, STREET # 8, I-9/3, INDUSTRIAL AREA, ISLAMABAD",051-4438438,Islamabad,High
SEZBERS CONSORTIUM (PVT) LTD,"MR.IJAZ AHMED HOUSE # 18, SAHIBZADA ABDUL QAYYUM ROAD, I-8/3, ISLAMABAD",051-4860149,Islamabad,Low
E-ASIA (PRIVATE) LIMITED,"DR.RAJA M.IFRAHIM SATTI PLOT # 1-F,LEADS BLDG. FLAT # 2,BAZAR # 5,NEAR IMCB,I-10/1, ISLAMABAD",051-4435886,Islamabad,High
HAJVAIRY TECHNOLOGIES (PVT) LTD,"MR.TANVEER SULTAN AWAN 1ST FLOOR, # 2013 HAJVAIRY MANSION, JINNAH AVENUE, ISLAMABAD",051-2604811,Islamabad,Low
KHAISTA KHAN ENTERPRISES,"MR.KHAISTA KHAN OFF.# 2,PLOT # 1,CAPITAL PLAZA, G-11 MARKAZ, ISLAMABAD",051-2563729,Islamabad,Medium
MAJESTA ENTERPRISES,"MR.SHABBIR AHMED 6-B, MEZZANINE FLOOR, ALREHMAN CHAMBER,79-E, BLUE AREA,ISLAMABAD",051-2650256,Islamabad,Medium
RAHI INTERNATIONAL,"MR.NAIK MUHAMMAD GROUND FLOOR, 1228/84, G-9/4, ISLAMABAD",051-2261803,Islamabad,Low
ROYAL ENTERPRISES,"DR.HAKIM GUL PLOT # 41-42, STREET 55 , G-9/4, ISLAMABAD",051-2250511,Islamabad,Low
SHAHBAZ (PVT) LTD,"MR.KAMRAN KHAN OFF.# 9-10, 2ND FLOOR, JAMAL PLAZA, F-10 MARKAZ, ISLAMABAD",051-2223075,Islamabad,Medium
SHAHEEN FOUNDATION PAF,"MR.A.D.MALIK PAF COMPLEX, SECTOR E-9/1, ISLAMABAD",051-9224184,Islamabad,Low
SOMETHING DIFFERENT,"MR.MOHAMMAD TAUSEEF ZAMAN 6-7, WASIL PLAZA, FAZAL-E-HAQ ROAD, BLUE AREA, ISLAMABAD",051-2255219,Islamabad,Medium
TABANI CORPORATION,"MR.MUHAMMAD YAQOOB TABANI 12-D, S.N.C CENTRE, FAZAL-EHAQ ROAD, BLUE AREA, ISLAMABAD",051-2271348,Islamabad,Medium
TEST INTERNATIONAL,"MR.YASIR TIPU KHAN 389-C, STREET # 85, I-8/4, ISLAMABAD",051-4861593,Islamabad,Low
TRADE CARE INTNERNATIONAL,"MR.SHAMIM AHMED QURESHI HOUSE # 79, STREET #159, G-11/1, ISLAMABAD",051-2270976,Islamabad,Low
UNIQUE VENTURE,"MR.GOHAR ZAMAN SUITE 6,BLOCK 13-V, BANGASH MALL,F-7, JINNAH SUPER MARKET, ISLAMABAD",051-2530220,Islamabad,Medium
KAABA INTERNATIONAL,"MR.LIAQUAT ALI ANSARI G-5 AL-MUSTAFA CENTRE, G-8 MARKAZ, ISLAMABAD",051-2252256,Islamabad,Medium
MULTITECH INTERNATIONAL,"MR.SIKANDAR KHAN 112-B, STREET # 41, F-10/4, ISLAMABAD",051-2223052,Islamabad,Low
PETROEX,"SYED MOOSA RAZA WAHIDI # 155, STREET # 58, F-11/4, ISLAMABAD",051-2292956,Islamabad,Low
SHAHZAD INTERNATIONAL,"MR.ZAHIR-UD-DIN 15, NAZIMUDDIN ROAD, F-10/4, ISLAMABAD",051-2299031,Islamabad,Low
AMSON VACCINES & PHARMA (PVT) LTD,"MR.SHAMIM AHMED KHAN 115-INDUSTRIAL TRIANGLE KAHUTA ROAD, ISLAMABAD",051-5584551,Islamabad,High
ETERNA INTERNATIONAL (PVT) LTD,"MR.ZEEJAH FAZLI HOUSE # 10B, STREET # 32, F-7/1, ISLAMABAD",051-8483224,Islamabad,Low
VALOR PHARMACEUTICALS,"MR.RAFIQ AHMED 124-A, INDUSTRIAL TRIANGLE, KAHUTA ROAD, ISLAMABAD",051-4491616,Islamabad,High
GENERA PHARMACEUTICALS,"MR.WASEEM IRSHAD BUTT PLOT NO.244, ST.NO.8, I-9/2,INDUSTRIAL AREA, ISLAMABAD",051-4449386,Islamabad,High
WEATHER FOLDS PHARMACEUTICALS,"MR.ARSHAD MEHMOOD HOUSE # 830, STREET # 85, I-8/4, ISLAMABAD",051-4434515,Islamabad,Low
LEADS PHARMA (PVT) LTD,"DR.MUHAMMAD AMJAD PLOT # 81-A, STREET # 6, I-10/3, ISLAMABAD",051-4441081,Islamabad,High
PARAMOUNT PHARMACEUTICALS (PVT) LTD,"MR.NASIR M.QURESHI PLOT # 36, INDUSTRIAL TRIANGLE, KAHUTA ROAD, ISLAMABAD",051-4491871,Islamabad,High
WELMARK PHARMACEUTICALS,"MR.ARSHAD MEHMOOD HOUSE # 830, STREET #85, I-8/4, ISLAMABAD",051-4434515,Islamabad,Low
TF PIPES LTD,"MR.KHAWAR NAWAZ PLOT # 159-163, STREET # 2, I-9/2, INDUSTRIAL AREA, ISLAMABAD",051-4431144,Islamabad,High
EVEREST PLASTICS,"MR.AFZAL IBRAHIM GELOO BASTI ANWARE MADINA, SARA E KHARBUZA, NEAR DARULOOZIKRIYA,TARNOL, ISLAMABAD",051-2527484,Islamabad,Low
M.K. INTERNATIONAL,"MR.SADAQAT SAEED MALIK 69-W, RATTA MANSION, MEZZ.FLOOR,FAZAL-E-HAQ RD.BLUE AREA,ISLAMABAD",051-2873862,Islamabad,Medium
NEW TECH,"MR.MUHAMMAD KAZIM ABBAS SUITE # 5, 2ND FLOOR, REHMAN PLAZA, I-10 MARKAZ, ISLAMABAD",051-4438601,Islamabad,High
ENGINEERING SYSTEMS PAK,"DR.HAMMAD BIN KHALEEQ PLOT # 35, STREET # 3, I-10/3, INDUSTRIAL AREA, ISLAMABAD",051-4433995,Islamabad,High
NASYS INTL.CO. (PVT) LTD,"MALIK REEHAN AZAM UNIT # 312, SERVIE ROAD, F-11/4, ISLAMABAD",051-2111816,Islamabad,Low
SPRINT TRADING & CONTRACTING (PVT) LTD,"MR.TAHIR MEHMOOD ABBASI PLOT 24,ST.# 1,PHASE-I, SEC-B, DEFENCE HOUSING AUTHORITY, ISLAMABAD",051-5789006,Islamabad,Low
SUPER EN NEW ENERGY TECHNOLOGY CO.PVT.LTD,"MALIK SARFRAZ AHMAD BUILDING # 28,Q PLAZA, JINNAH BLVD,WEST SECTOR-A,DHA PHASE-II,ISLAMABAD",051-4917047,Islamabad,Medium
PRINT & PACKAGING MACHINERY INC,"MR.ADNAN BASHIR DHOKE KASHMIRIAN,MERA JAFFAR,MAIN SERVICE ROAD, NEAR G-12, ISLAMABAD",,Islamabad,Low
RAILWAY CONSTRUCTIONS PAKISTAN LIMITED,"MR.AAMIR NISAR CHAUDHRY RAILCOP HOUSE INSIDE PAK.RAILWAYS, CARRIAGE FACTORY,I-11, ISLAMABAD",051-9242543,Islamabad,High
NOOR INTERNATIONAL RELIEF SUPPLIER,"MR.MUHAMMAD PERVAIZ IQBAL HOUSE # 302,MAIN IBN-E-SINA ROAD, G-11/3,ISLAMABAD",051-2361787,Islamabad,Low
AANISH RICE TRADERS,"MR.AMMAD PLOT # 63, DRY PORT ROAD, INDUSTRIAL AREA, I-10/3, ISLAMABAD",051-4439960,Islamabad,High
AL-SAFA FOOD STUFF TRADING (PVT) LTD,"MR.MUHAMMAD BAHAUDDIN HOUSE # 762, STREET # 25 G-9/1, ISLAMABAD",051-2103618,Islamabad,Low
BARKAT RICE MILLS (PVT) LTD,"MR.KARIM AZIZ MALIK PLOT # 220-221, ST.# 1, I-10/3,INDUSTRIAL AREA, ISLAMABAD",051-4443612,Islamabad,High
JIN HEE TRADE (PVT) LTD,"MR.JIN WOONG YOON OFF.# 9, 1ST FLOOR,RAJA HAQ NAWAZ PLAZA, G-11 MARKAZ, ISLAMABAD",051-2220757,Islamabad,Medium
Q Z GLOBAL (PVT) LTD,"MR.QAMAR HUSSAIN ZIA OFF.# 5/6 GROUND FLOOR, ALAQSA PLAZA, G-10 MARKAZ, ISLAMABAD",051-2112272,Islamabad,Medium
"RICE PARTNERS (PVT) LTD. BRIG(R) FAROOQ AFZAL HOUSE # 5, STREET # 15, F-7/2, ISLAMABAD",,051-2652711,Islamabad,Low
SHAHID TRADING COMPANY,"MR.SHAHID IQBAL HOUSE # 1199, STREET # 177, G11/1, ISLAMABAD",051-2113199,Islamabad,Low
WORLDWIDE TRADE LINK,"MR.IRFAN-UL-HAQ SUITE # 307,MARGALLA VIEW HEIGHTS,KHAYABAN-E-IQBAL, E-11/4,ISLAMABAD",051-5840140,Islamabad,Low
EZETEK,"MR.HAFEEZ-UR-REHMAN # 269-A, STREET # 17, F-10/2, ISLAMABAD",051-2299677,Islamabad,Low
PROTECH ENTERPRISES,"MR.MAHMOOD AKHTAR OFF.# 5,F. F. CHANGEZ PLAZA (OPP.WILSON'S) I-9 MARKAZ, ISLAMABAD",051-4449381,Islamabad,High
ISLAMABAD SOAP & CHEMICAL INDUSTRIES,"SH.MUHAMMAD MUNEER PLOT # 240, I-9 SECTOR INDUSTRIAL AREA, ISLAMABAD",051-4432069,Islamabad,High
MUJAHID SOAP & CHEMICAL INDS.(PVT)LTD,"SH.MUHAMMAD SULEMAN PLOT 79-80, STREET # 10, I-9, INDUSTRIAL AREA, ISLAMABAD",051-4432018,Islamabad,High
ASTERISK SOLUTIONS (PVT) LTD,"MR.MUHAMMAD SARMAD ALVI # 8-A, STREET # 12, F-8/3, ISLAMABAD",051-2287652,Islamabad,Low
AAHAD STATIONERS,"MRS.PARVEEN AKHTAR BASEMENT # 3,GREEN PLAZA, BLOCK # 33,G-9 MARKAZ, ISLAMABAD",051-2284903,Islamabad,Medium
DHAI TELEMAN (PVT) LTD,"MR.FARRUKH NAWAZ DEFENCE MALL, DEFENCE AVENUE, PHASE-1, DHA, ISLAMABAD",,Islamabad,Medium
MEGA MART (PVT) LTD,"MR. MUHAMMAD BABAR KHAN HOUSE # 63, STREET # 9 SECTOR C, DHA PHASE-II, LANE 6, ISLAMABAD",051-2501250,Islamabad,Low
NEXUS TELECOM (PVT) LTD,"MR.AMMAR AHMAD KHAN 19-B, STREET # 22, F-8/2, ISLAMABAD",051-2854890,Islamabad,Low
TELECOMMUNICATION EQUIPMENT,"MR.TARIQ JAVAID FLAT # 7,1ST FLOOR,JANAT ARCADE, G-11 MARKAZ, ISLAMABAD",051-2830443,Islamabad,Medium
SAS ENTERPRISES,"MR.MUHAMMAD SALEEM PLOT # 260, ST. # 8, I-9/3, INDUSTRIAL AREA, ISLAMABAD",051-4433438,Islamabad,High
CARS XPRESS (PVT) LTD,"MR.NOOR-UL-AMIN OFF.4,MEZZ.FLOOR, KASHMIR PLAZA, JINNAH AVNEUE, BLUE AREA, ISLAMABAD",051-8448525,Islamabad,Medium
SIGMA MOTORS LTD,"COL. ZAFAR UDDIN AHMAD (RETD.) # 1 & 3,1ST FLOOR, SAFARI VILLAS-2,PHASE-7,BAHRIA TOWN,C.COMPLEX,ISLAMABAD",051-5707360,Islamabad,Low
THE WHEEL CARE,"MR.MUHAMMAD AKBAR KHAN 1-C PLAZA, NEAR SUFI RESTAURANT, F-10 MARKAZ, ISLAMABAD",051-2291897,Islamabad,Medium
GLOBOSOFT TECHNOLOGIES,"MR.SAQIB M.QURESHI OFF.# T-10,SARDAR ARCADE, G-11 MARKAZ, ISLAMABAD",051-2113866,Islamabad,Medium
BENTLEY SYSTEMS PAKISTAN (PVT) LTD,"MR.OVAIS ASHRAF SUITE # 307, 3RD FLOOR, EVACUEE TRUST COMPLEX, F-5/1, ISLAMABAD",051-2872639,Islamabad,Low
BLOOMERS NURSARY,"SYED ALI ABBAS OFF.# 1, PLAZA SILVERCITY, G-11 MARKAZ, ISLAMABAD",051-5194294,Islamabad,Medium
