companyName,primaryPhone,mobile,telephone,email,city,address,areas,category,certificateNo,validityDate,technology,source
3 Ray Solutions (Private) Limited,0304-8888240,0304-8888240; 0346-2742262,042-34941571 & 73,smsolarpvtltd@gmail.com; info@3raysolutions.com,Karachi,"Colony, Karachi",,C-3,CR/24/117/C-3,21-11-2026,Solar,PPIB C-3 (upto 250 kW)
3 SAT Traders,0300-9753532,0300-9753532; 0323-9013090,,su.sanaullah2001@gmail.com; kw.khan1990@gmail.com,ICT,,ICT & Punjab,C-3,CR/23/130/C-3,30-06-2024,Solar,PPIB C-3 (upto 250 kW)
Aayems (Private) Limited,0321-5014107,0321-5014107,,ahmed.annus157@gmail.com,ICT,"House 45-G, 2","ICT, Punjab, Sindh & KPK",C-3,CR/24/015/C-3,,Solar,PPIB C-3 (upto 250 kW)
ABK Solar Traders (Private) Limited,"0316-8164569, 0315-2100003","0316-8164569, 0315-2100003; 0334-6068265",,ehsanimpex@gmail.com; abksolartraders@gmail.com,ICT,,ICT & Punjab,C-3,CR/24/207/C-3,30-06-2025,Solar,PPIB C-3 (upto 250 kW)
Adam Renewable Energy (Private) Limited,0312-2922568,"0312-2922568; 0300-9508525, 0315-9135406","091-2010700, 051-4718225, 2223111",rabiaintl88@hotmail.com; adamenergy111@gmail.com,,,,C-3,CR/24/247/C-3,30-06-2025,Solar,PPIB C-3 (upto 250 kW)
AFM Energy (Private) Limited,0345-4362115,"0345-4362115; 0307-5840000, 0330-5845448",,faiz.m9220@gmail.com; info@afmenergy.com.pk,ICT,,ICT & Punjab,C-3,CR/24/112/C-3,15-11-2026,Solar,PPIB C-3 (upto 250 kW)
Akhtar Hussain,"0331-4884244, 03-111-777-681","0331-4884244, 03-111-777-681; 0315-8864004",,info@res.com.pk; tahjee525@gmail.com,ICT,,ICT & Balochistan,C-3,CR/24/064/C-3,30-06-2024,Solar,PPIB C-3 (upto 250 kW)
Al Kafi Engineering Service LLP,0349-5685184,0349-5685184,021-34988990,nzktraders05@gmail.com; sales@alkafiengineering.com,,,,C-3,CR/24/222/C-3,30-06-2026,Solar,PPIB C-3 (upto 250 kW)
Al-Asr Renewable Energies,0323-2932123,0323-2932123,,alasrenergies@gmail.com,Karachi,"C-3, Railway Society Projects, 5-A, Block 4, Gulshan-e-Iqbal, Karachi., Ext. Larech Colony,","ICT, Punjab & Sindh",C-3,CR/24/012/C-3,28-03-2025,Solar,PPIB C-3 (upto 250 kW)
Aliz International,0320-8855444,0320-8855444; 0322-4001332,"044-4771344; 042-36370758, 36314839",neelumsolarpvtltd@gmail.com; ali@alizpk.com,ICT,,ICT & Punjab,C-3,CR/24/175/C-3,30-06-2024,Solar,PPIB C-3 (upto 250 kW)
Amica Energy (Private) Limited,0333-8000173,"0333-8000173; 03-111-126422, 0315-2780066",055-3847700,solarvalleypk@gmail.com; asif.iqbal@amicapakistan.com,ICT,,"ICT, Punjab & Sindh",C-3,CR/23/076/C-3,08-02-2026,Solar,PPIB C-3 (upto 250 kW)
Anaya Traders,03062935768,03062935768; 0321-5739186,,solarkoninternational@gmail.com; adnantariq9186@gmail.com,ICT,,ICT & Punjab,C-3,CR/24/225/C-3,28-05-2027,Solar,PPIB C-3 (upto 250 kW)
Apower Engineering & Services,0333-1413264,0333-1413264; 0311-1363786,042-38939322,rasibhussnain@gmail.com; info@apower.com.pk,Lahore,"Town, Lahore.",ICT & Punjab,C-3,CR/22/039/C-3,30-06-2024,Solar,PPIB C-3 (upto 250 kW)
Archies,0322-2572227,"0322-2572227; 0333-9912299, 0332-8217779","021-35386004, 35394140",solaronic@hotmail.com; info@archies.com.pk,ICT,,"ICT, Punjab & Sindh",C-3,CR/24/184/C-3,30-06-2025,Solar,PPIB C-3 (upto 250 kW)
Artisan Solar,"0334-2418165, 0301-3704007","0334-2418165, 0301-3704007; 0333-2354464",,nationalpvc.pk@gmail.com; artisansolar@outlook.com,Karachi,"M.A.M.H.S, Karachi.","ICT, Punjab, Sindh, KPK & Balochistan",C-3,CR/24/071/C-3,,Solar,PPIB C-3 (upto 250 kW)
Aston Energy,0322-4001332,"0322-4001332; 0331-2224445, 0330-2000402","042-36370758, 36314839",ali@alizpk.com; aygroup.ar@gmail.com,Lahore,"30-Phase-1, Nasheman-e-Iqbal Cooperative Housing Society, Lahore.",,C-3,CR/24/176/C-3,30-06-2024,Solar,PPIB C-3 (upto 250 kW)
Axovolt (SMC Private) Limited,0305-4009082,0305-4009082,042-35342996,axovolt3@gmail.com,Lahore,"Town, Lahore.","ICT, Punjab, Sindh, KPK & Balochistan",C-3,CR/24/002/C-3,22-11-2024,Solar,PPIB C-3 (upto 250 kW)
Azmi Traders,0323-9013090,0323-9013090; 0330-5845448,021-35640150,kw.khan1990@gmail.com; azmitraders232@gmail.com,ICT,,"ICT, Punjab & Sindh",C-3,CR/24/131/C-3,30-06-2025,Solar,PPIB C-3 (upto 250 kW)
Barq Power Solutions,0300-2017035,0300-2017035,"042-35758724, 35758727; 021-32477308",akram.toor@tapl.com.pk; barqpowersolution@gmail.com,Karachi,"G-K 7/1000, M.A Jinnah Road, Office no. 215 & 216, Jelani Center, Karachi.",,C-3,CR/24/169/C-3,30-06-2024,Solar,PPIB C-3 (upto 250 kW)
Bawany Traders,"0344-4448314, 0316-1416831","0344-4448314, 0316-1416831; 0321-2313303","042-37180429; 021-32700121, 32752121",info@thesmarthomesolutions.com; cright786@gmail.com,,,,C-3,CR/24/265/C-3,30-06-2025,Solar,PPIB C-3 (upto 250 kW)
Bellco Trading Company (Private) Limited,0300-8201082,0300-8201082,"021-32724078, 32723957; 042-111-111-353",bawaney@hotmail.com; bellcotradingcompany786@gmail.com,Lahore,"Raiwind, Lahore.",ICT & Punjab,C-3,CR/24/260/C-3,30-06-2027,Solar,PPIB C-3 (upto 250 kW)
Bilwani International,"0334-2245514, 0316-5134558","0334-2245514, 0316-5134558; 0334-3199445; 0321-8244489","021-32567485, 32574649",technicalalternative@gmail.com; a.moiz.bilwani@gmail.com; muhammadsalman@,ICT,,"ICT, Punjab & Sindh",C-3,CR/24/155/C-3,30-06-2025,Solar,PPIB C-3 (upto 250 kW)
Bin Hameed Enterprises,0300-2188224,0300-2188224; 0335-2963338,"021-35680591, 35677274; 051-2712667, 5421147",se-electronics@hotmail.com; binhameed.ento@gmail.com,,,,C-3,CR/24/104/C-3,30-06-2025,Solar,PPIB C-3 (upto 250 kW)
Bright Sun Engineering Services,0300-8651336,0300-8651336; 0305-8889210,"041-2651336, 2658851; 051-5427133",zec2001@hotmail.com; info@brightsun,Islamabad,"Ground, ICON, Center, Sector-B,, Society, G.T. Road,, Zone-V, Islamabad.",ICT & Punjab,C-3,CR/23/061/C-3,30-06-2025,Solar,PPIB C-3 (upto 250 kW)
Buraq Energy Solutions,"0307-1068107, 0331-4140607","0307-1068107, 0331-4140607",,info@buraqsolar.com,ICT,"Jinnah Boulevard, West Sector, DHA-2,","ICT, Punjab & KPK",C-3,CR/22/014/C-3,28-03-2025,Solar,PPIB C-3 (upto 250 kW)
Burraq Energy Solutions,0324-4370152,"0324-4370152; 0335-3572756, 0318-1257242",042-35227077,primaxsolarenergy@gmail.com; burraq.esolutions@gmail.com,Karachi,"C-24, Sector 16-B, Malik Anwar Goth, Near Godhra Stop, Karachi",,C-3,CR/24/120/C-3,30-06-2025,Solar,PPIB C-3 (upto 250 kW)
C Right Energy,0332-8251000,0332-8251000; 0333-3770880,"021-3227846, 32237823",ahsanhanif@gmail.com; crightmobile1@gmail.com,ICT,,ICT & Punjab,C-3,CR/24/140/C-3,30-06-2025,Solar,PPIB C-3 (upto 250 kW)
Capital Solar,"03-111-126422, 0315-2780066","03-111-126422, 0315-2780066; 0311-5022426, 0341-0012426",,asif.iqbal@amicapakistan.com; capitalsolarnetmetering@gmail.com,ICT,"Road, F-8 Markaz,","ICT, Punjab & KPK",C-3,CR/23/077/C-3,03-04-2026,Solar,PPIB C-3 (upto 250 kW)
Capital Trading Corporation,0333-2638595,0333-2638595; 0300-8281002,"022-2670006-7; 021-32767670, 32767667",knkengineering9@gmail.com; zeeshancapital@gmail.com,ICT,,ICT & Punjab,C-3,CR/23/142/C-3,30-06-2024,Solar,PPIB C-3 (upto 250 kW)
Cosmos Energies,0320-6327727,0320-6327727,,usmanlodhi00000@gmail.com,,,,C-3,CR/23/097/C-3,30-06-2025,Solar,PPIB C-3 (upto 250 kW)
Creation,0333-0333618,0333-0333618; 0300-8282729,,info@geonergydolar.com; topline99@hotmail.com,,"Chundrigar Road,",,C-3,CR/24/280/C-3,30-06-2025,Solar,PPIB C-3 (upto 250 kW)
Crown Green Power (Private) Limited,0321-8254699,0321-8254699; 0345-3537476,,babar5176@icloud.com; cfo@crowngroup.com.pk,Karachi,"Shade no. 7, Plot no. 672-673, Deh Joreji, Near Indigo Textile, Bin Qasim Town, Malir, Karachi.",,C-3,CR/24/190/C-3,30-06-2025,Solar,PPIB C-3 (upto 250 kW)
Ehsan Importer and Exporter,"0316-8164569, 0315-2100003","0316-8164569, 0315-2100003",,ehsanimpex@gmail.com,Multan,"37B, Commercial Area, B-Block, Model Town, Multan.",ICT & Balochistan,C-3,CR/24/206/C-3,30-06-2024,Solar,PPIB C-3 (upto 250 kW)
EJ Solar,0300-4403004,0300-4403004; 0335-3230148,042-35970111,info@renergent.com; ahmadgodil@gmail.com,,,,C-3,CR/24/052/C-3,30-06-2025,Solar,PPIB C-3 (upto 250 kW)
Elahi Energy,0305-8889210,0305-8889210; 0300-8667430,051-5427133; 041-8729458,info@brightsun; info@elahienergy.com,Faisalabad,"148, C-1, Peoples Colony, Faisalabad.",ICT & Punjab,C-3,CR/23/062/C-3,30-06-2024,Solar,PPIB C-3 (upto 250 kW)
EMECH Engineering,0300-8267292,"0300-8267292; 0307-2222733, 0333-2227936",021-32566309-10,info@salimww.com.pk; info@emechengineering.com,ICT,,"ICT, Punjab & Sindh",C-3,CR/24/163/C-3,30-06-2025,Solar,PPIB C-3 (upto 250 kW)
F M Solars,0300-2171301,0300-2171301; 0336-3000882,021-32270416-17,abdullahmagoo1@hotmail.com; fahadmemon701@gmail.com,,,,C-3,CR/24/239/C-3,,Solar,PPIB C-3 (upto 250 kW)
Fahad Mubarak Trading (Private) Limited,0300-8732258,0300-8732258; 0333-1111232; 0342-9555555,"061-4589067, 4547209; 0606-374355",operations@mramzan.net; fahadmubaraktrading@gmail.com; zubair@ekgot.com,Karachi,"House mo. S-26, Staff Lane-8, DHA Phase-1, Karachi.",ICT & Punjab,C-3,CR/24/172/C-3,30-06-2024,Solar,PPIB C-3 (upto 250 kW)
Faiz & Co.,0300-8329599,0300-8329599; 0331-5559072,,saeedu407@gmail.com; faizullahhaji@gmail.com,ICT,"Awami Market, Bara Bazar Shop, Khyber Bara.","ICT, Punjab & KPK",C-3,CR/24/216/C-3,30-06-2024,Solar,PPIB C-3 (upto 250 kW)
Faiz Traders 010,0300-9753532,0300-9753532; 0345-4362115,,lodhie115@gmail.com; faiz.m9220@gmail.com,ICT,"Market, Ratta Road,",ICT & Punjab,C-3,CR/23/111/C-3,30-06-2024,Solar,PPIB C-3 (upto 250 kW)
Fast Solar (Private) Limited,"0300-0076527, 0320-4444435","0300-0076527, 0320-4444435; 0311-1123278",041-8787699; 042-35132344,info@solarx.pk; info@fastsolar.com.pk,ICT,"137-A, Block-D,, Housing Society,",ICT & Punjab,C-3,CR/23/049/C-3,23-10-2025,Solar,PPIB C-3 (upto 250 kW)
Fayyaz Traders,0301-2727407,"0301-2727407; 0300-5961382, 0321-9019202",,aamir.sheikh@danytech.com; info@fytraders.com,ICT,"Karkhano Market,",ICT & Punjab,C-3,CR/24/166/C-3,30-06-2024,Solar,PPIB C-3 (upto 250 kW)
FIB Trade,,,,bilal@salimww.com.pk,,,,C-3,CR/24/272/C-3,30-06-2025,Solar,PPIB C-3 (upto 250 kW)
Fusion Solar Energy (Private) Limited,0335-2963338,"0335-2963338; 0300-0850606, 0300-0850609","051-2712667, 5421147",binhameed.ento@gmail.com; info@fusionsolarenergy.pk,ICT,,"ICT, Punjab, Sindh & KPK",C-3,CR/23/105/C-3,30-06-2026,Solar,PPIB C-3 (upto 250 kW)
Galaxy International Builders,0321-8112514,0321-8112514,,gxy.trad@gmail.com,ICT,,ICT & Balochistan,C-3,CR/24/199/C-3,30-06-2024,Solar,PPIB C-3 (upto 250 kW)
Genesys Energy Solutions,0321-8777895,0321-8777895; 0321-3499092,0323-8203104; 021-35141256-257; 051-8350281,hassanfarooq278@gmail.com; malinawaz@hotmail.com; saif.abbas@pncsuppliers.com,ICT,,"ICT, Punjab & Sindh",C-3,CR/24/213/C-3,30-06-2025,Solar,PPIB C-3 (upto 250 kW)
Geo Resources Associates,"0315-5125508, 0333-5546339","0315-5125508, 0333-5546339; 0300-6952881; 0303-6046866",,nabidecent77@gmail.com; nazrfajar@yahoo.com; info@solenergy.pk,Lahore,"3.5KM Raiwand, Manga Road, Tehsil Raiwand, Lahore.",ICT & Punjab,C-3,CR/24/268/C-3,30-06-2025,Solar,PPIB C-3 (upto 250 kW)
Geonergy Solar (Private) Limited,0332-555861,0332-555861; 0333-0333618,"021-35840259, 35840260",m.bilal@skyclanglobal.com; info@geonergydolar.com,,,,C-3,CR/24/279/C-3,30-06-2025,Solar,PPIB C-3 (upto 250 kW)
Gerrys Global Trade,0336-3780875,0336-3780875; 0301-2727407,021-33393802,omerusman4@gmail.com; aamir.sheikh@danytech.com,ICT,,"ICT, Punjab, Sindh, KPK & Balochistan",C-3,CR/24/165/C-3,30-06-2024,Solar,PPIB C-3 (upto 250 kW)
Go Supplier & Services (Private) Limited,0331-5332521,0331-5332521,,mt.matiullah1996@gmail.com; malikshahid0331@gmail.com,ICT,"Double Road, Block",ICT & Punjab,C-3,CR/24/152/C-3,30-06-2024,Solar,PPIB C-3 (upto 250 kW)
Green Craft Engineering Works,"0304-7266266, 0300-0780825","0304-7266266, 0300-0780825; 0345-4375761, 0342-4555552",,swiftsolarenergy786@gmail.com; jiajee121@hotmail.com,Lahore,"2-KM, Katar Bund Road, Thokar Niaz Baig, Lahore.",ICT & Punjab,C-3,CR/24/186/C-3,30-06-2024,Solar,PPIB C-3 (upto 250 kW)
Growatt PK (Private) Limited,0321-6226141,0321-6226141,,info@growattpk.com,,,,C-3,CR/24/024/C-3,13-05-2025,Solar,PPIB C-3 (upto 250 kW)
GS Corporation,0343-5813807,0343-5813807; 0314-9037904,,mfenterprises232@gmail.com; gscorporation2017@yahoo.com,ICT,"Industrial Area,","ICT, Punjab, Sindh, KPK & Balochistan",C-3,CR/24/159/C-3,30-06-2024,Solar,PPIB C-3 (upto 250 kW)
Gulf Contractor & Works,0321-8235819,0321-8235819; 0333-3990881,"021-32210952, 32634373",bilalr57@gmail.com; gulfc.w@gmail.com,,,,C-3,CR/24/079/C-3,30-06-2024,Solar,PPIB C-3 (upto 250 kW)
H & F Enterprises,,,,bilal@salimww.com.pk; hfenterprises024@gmail.com,,,,C-3,CR/24/273/C-3,30-06-2025,Solar,PPIB C-3 (upto 250 kW)
H&S Traders Co.,"0300-9508525, 0315-9135406","0300-9508525, 0315-9135406; 0321-8804444","091-2010700, 051-4718225, 2223111",adamenergy111@gmail.com; hnstradersco@gmail.com,Lahore,"265, Ghori Block, Bahria Town, Lahore.",,C-3,CR/24/248/C-3,30-06-2025,Solar,PPIB C-3 (upto 250 kW)
Habib Trading Company,0346-2742262,0346-2742262; 0315-9310720,,info@3raysolutions.com; habibreham54401@gmail.com,ICT,,ICT & Punjab,C-3,CR/24/118/C-3,30-06-2025,Solar,PPIB C-3 (upto 250 kW)
Haji Ali Akbar Khan Jadoon,0333-8575268,0333-8575268; 0333-9881116,"081-2830376, 2006026",,Quetta,"Bhoy Road, Quetta.",ICT & Balochistan,C-3,CR/24/056/C-3,30-06-2025,Solar,PPIB C-3 (upto 250 kW)
Haroon Brothers,051-4444759,051-4444759; 0300-4845001,"051-4444758; 042-37238421, 36604623",info@pakevergreenenergy.com; info@haroonbrothers.com,ICT,"2, Cavalry Ground,","ICT, Punjab & Sindh",C-3,CR/23/005/C-3,30-06-2024,Solar,PPIB C-3 (upto 250 kW)
Haruto Engineering Solutions LLP,"0322-8484113, 0315-4660088","0322-8484113, 0315-4660088; 0311-4499592",042-35312155,info@saver-solar.com; md@harutoengineering.com,,,,C-3,CR/24/234/C-3,30-06-2025,Solar,PPIB C-3 (upto 250 kW)
Hire Engineering (Private) Limited,0321-2313303,"0321-2313303; 0332-5316006, 0334-5545548","021-32700121, 32752121",cright786@gmail.com; hirenegg@gmail.com,ICT,"Fazal-e-Haq Road,",ICT & Punjab,C-3,CR/24/266/C-3,30-06-2027,Solar & Wind,PPIB C-3 (upto 250 kW)
Hum Solar Services (SMC Private) Limited,0300-8282729,"0300-8282729; 0333-1114522, 0315-8492136",,topline99@hotmail.com; humservices1@gmail.com,ICT,,ICT & Punjab,C-3,CR/24/281/C-3,30-06-2026,Solar,PPIB C-3 (upto 250 kW)
IKFFA (Private) Limited,0322-8206665,0322-8206665; 0332-8251000,021-32290032,sanishaeikh1433@gmail.com; ikffalimited@gmail.com; ahsanhanif@gmail.com,ICT,"Shed on Ground, Federal B Area,",ICT & Punjab,C-3,CR/24/138/C-3,30-06-2025,Solar,PPIB C-3 (upto 250 kW)
Impact Solutions (Private) Limited,0305-9750120,0305-9750120; 0300-5545520,,shamalhassan447711@gmail.com; shujah.qazi@iitsols.com; info@impactsols.com,Islamabad,"Phase-2, Sector-D,, DHA, Islamabad",ICT & Punjab,C-3,CR/24/114/C-3,30-06-2025,Solar,PPIB C-3 (upto 250 kW)
Indus Clean Energy (Private) Limited,0321-5014107,0321-5014107; 0300-8241835,021-34394311,ahmed.annus157@gmail.com; queries@induscleanenergy.com,ICT,"Block-9, KDA","ICT, Sindh & Balochistan",C-3,CR/23/016/C-3,30-06-2024,Solar,PPIB C-3 (upto 250 kW)
Infralectric (Private) Limited,0311-1363786,0311-1363786; 0331-8777999,042-38939322; 051-4443368,info@apower.com.pk; bilal.qureshi@sctechglobal.com,ICT,,"ICT, Punjab, Sindh, KPK & Balochistan",C-3,CR/24/040/C-3,30-06-2024,Solar,PPIB C-3 (upto 250 kW)
Instant Energy (Private) Limited,0321-4850907,0321-4850907; 0322-2499009,042-35211617,info@smartsolar.pk; contact@instanenergy.net,ICT,,"ICT, Punjab & Sindh",C-3,CR/23/032/C-3,30-06-2025,Solar & Wind,PPIB C-3 (upto 250 kW)
Integra Solar (SMC-Private) Limited,0314-9037904,0314-9037904; 0321-2888887,051-2724261,gscorporation2017@yahoo.com; mahmood@integrasolar.com.au,ICT,,ICT & Punjab,C-3,CR/24/160/C-3,30-06-2024,Solar,PPIB C-3 (upto 250 kW)
Irek Merx,0314-7706776,0314-7706776; 0304-5777665,,mubashar677@gmail.com; irekmerx@gmail.com,Islamabad,"Shaop No. 3, Plot No. 86, I & T Centre, G-8/1, Islamabad.",ICT & Punjab,C-3,CR/24/026/C-3,02-06-2025,Solar,PPIB C-3 (upto 250 kW)
JJ Constructors,0333-3990881,0333-3990881,,gulfc.w@gmail.com; jjc.adnan@yahoo.com,,,,C-3,CR/23/080/C-3,30-06-2023,Solar,PPIB C-3 (upto 250 kW)
JNS International,0345-2244802,0345-2244802,,jns_generators@hotmail.com,,,,C-3,CR/24/150/C-3,30-06-2024,Solar,PPIB C-3 (upto 250 kW)
KAZ Solar,0324-8156536,0324-8156536; 0300-7217396,055-3856873-76; 041-2552283,metalex609@gmail.com; kazsolar@yahoo.com,ICT,,ICT & Punjab,C-3,CR/24/262/C-3,30-06-2025,Solar,PPIB C-3 (upto 250 kW)
KNK Engineering,0333-3770880,0333-3770880; 0333-2638595,"021-3227846, 32237823; 022-2670006-7",crightmobile1@gmail.com; knkengineering9@gmail.com,,"C-22, Phase-1, Near",,C-3,CR/23/141/C-3,30-06-2024,Solar,PPIB C-3 (upto 250 kW)
LK Super Trading Company,0300-5978396,0300-5978396; 0316-8853539,,solarerainnovations@gmail.com; luqmanhakimadil@gmail.com,Rawalpindi,"Godowns no. 12-A, D.M Textile Mills, Westridge Industrial Area, Rawalpindi.",ICT & Punjab,C-3,CR/24/255/C-3,30-06-2025,Solar,PPIB C-3 (upto 250 kW)
Lodhi Enterprises,0330-5845448,0330-5845448; 0300-9753532,0213-5120360,safaindustry232@gmail.com; lodhie115@gmail.com,ICT,"Market, Novelty, Cinema, Ratta Road,",ICT & Punjab,C-3,CR/23/110/C-3,30-06-2024,Solar,PPIB C-3 (upto 250 kW)
Lucky Energy Solutions,0322-7677069,0322-7677069; 0321-6404067,,kashif@zakengineering.com; rizwanullahgorraya@gmail.com,ICT,"Colony, Attawa, Main GT Road,",ICT & Punjab,C-3,CR/23/127/C-3,30-06-2024,Solar,PPIB C-3 (upto 250 kW)
M Power Energies,"0321-5185247, 0345-5073864","0321-5185247, 0345-5073864; 0300-4240976",,a.salam@yahoo.com; mnazmughal17@gmail.com,Lahore,"Bund Road, Shera Kot Stop, Opp. New Khan Termainal, Lahore.",ICT & Punjab,C-3,CR/24/257/C-3,30-06-2025,Solar,PPIB C-3 (upto 250 kW)
Maaz Trading,"0333-5939006, 0317-0003337","0333-5939006, 0317-0003337; 0300-9753532",,outdotrading@gmail.com; su.sanaullah2001@gmail.com,ICT,,ICT & Punjab,C-3,CR/23/129/C-3,30-06-2024,Solar,PPIB C-3 (upto 250 kW)
Main Group,0300-2171301,0300-2171301,021-32270416-17,sohaib.roomi84@gmail.com; abdullahmagoo1@hotmail.com,,,,C-3,CR/24/238/C-3,30-06-2024,Solar,PPIB C-3 (upto 250 kW)
Maqsood Inc. (Heavy Machinery Dealer),"0300-5961382, 0321-9019202","0300-5961382, 0321-9019202; 0321-5729669",,info@fytraders.com; asifaati55@gmail.com,ICT,,"ICT, Punjab, Sindh & Balochistan",C-3,CR/24/167/C-3,30-06-2025,Solar,PPIB C-3 (upto 250 kW)
Maris International (Private) Limited,0300-1560914,0300-1560914; 0300-4369026,091-2650314,shabeer01714@gmail.com; marisinternationalpvtltd@gmail.com,ICT,,"ICT, Punjab, Sindh, KPK & Balochistan",C-3,CR/24/251/C-3,30-06-2027,Solar & Wind,PPIB C-3 (upto 250 kW)
Mati Ullah Traders,0345-2244802,0345-2244802,,jns_generators@hotmail.com; mt.matiullah1996@gmail.com,Rawalpindi,"Amral Road, Rawalpindi.",,C-3,CR/24/151/C-3,,Solar,PPIB C-3 (upto 250 kW)
MaxGreen Energy (Private) Limited,0311-5533273,0311-5533273; 0303-2117909,021-35340586,msolarenergydadu@gmail.com; sales@maxgreenenergy.com.pk,ICT,,"ICT, Punjab & Sindh",C-3,CR/24/085/C-3,02-05-2026,Solar,PPIB C-3 (upto 250 kW)
Mazher Hassan Solar Energy Dadu,0333-7294329,0333-7294329; 0311-5533273; 0303-2117909,021-35340586,pakistanpowersystems@gmail.com; msolarenergydadu@gmail.com; sales@maxgreenenergy.com.pk,,,,C-3,CR/23/084/C-3,30-06-2024,Solar,PPIB C-3 (upto 250 kW)
Mehran Engineering Services,0332-3750668,0332-3750668,0213-6336126,mes.engineering20@gmail.com,Karachi,"WSA-32, Block-14, F.B. Area, Karachi.",,C-3,CR/24/074/C-3,07-02-2026,Solar,PPIB C-3 (upto 250 kW)
Metalex,0324-8156536,0324-8156536,042-111-111-353; 055-3856873-76,bellcotradingcompany786@gmail.com; metalex609@gmail.com,ICT,"Aftab Steel Market,",ICT & Punjab,C-3,CR/24/261/C-3,30-06-2025,Solar,PPIB C-3 (upto 250 kW)
"Midway Centrum, Rawalpindi.",0300-2666111,0300-2666111; 0304-5588859,042-37238877,mahtab72@gmail.com; fenterc6@gmail.com,Lahore,"LG-54, Qazi Centre, Hall Road, Lahore.",ICT & Punjab,C-3,CR/24/147/C-3,08-01-2027,Solar,PPIB C-3 (upto 250 kW)
MIS Energy (Private) Limited,0322-2499009,"0322-2499009; 0336-3507455, 0336-2051187",,contact@instanenergy.net; misenergy@outlook.com,,,,C-3,CR/22/034/C-3,30-06-2024,Solar,PPIB C-3 (upto 250 kW)
Moosa Trading Co.,0331-5559072,0331-5559072; 0342-5928682,,faizullahhaji@gmail.com; bakhtrawantrading2020@gmail.com,,,,C-3,CR/24/217/C-3,30-06-2024,Solar,PPIB C-3 (upto 250 kW)
Move Energy (Private) Limited,0300-4369026,0300-4369026; 0320-8106314,,marisinternationalpvtltd@gmail.com; info@moveenergy.co,ICT,,ICT & Punjab,C-3,CR/24/252/C-3,30-06-2025,Solar,PPIB C-3 (upto 250 kW)
Muhib International,0321-2888887,0321-2888887; 0332-2418046,051-2724261,mahmood@integrasolar.com.au; fahad.mirza@hotmail.com,,,,C-3,CR/24/161/C-3,30-06-2024,Solar,PPIB C-3 (upto 250 kW)
N.Z.K Traders,"0345-9622101, 0300-5245065, 0300-5670345","0345-9622101, 0300-5245065, 0300-5670345; 0349-5685184",,shahinaam53@gmail.com; nzktraders05@gmail.com,ICT,,ICT & Punjab,C-3,CR/24/221/C-3,30-06-2024,Solar,PPIB C-3 (upto 250 kW)
Nexflux Solar (SMC-Private) Limited,0305-8411502,0305-8411502,,nadeem.malik@solutionspk.com.pk; nexfluxsolar@gmail.com,,,,C-3,CR/24/227/C-3,30-06-2024,Solar,PPIB C-3 (upto 250 kW)
NGECS,0306-6040369,0306-6040369; 0315-5650597,051-2249769,info@ngecs.com; ehtishamakbar1@gmail.com,,,,C-3,CR/24/202/C-3,30-06-2024,Solar,PPIB C-3 (upto 250 kW)
Onyx Energies (Private) Limited,"0321-8477120, 0303-8891711","0321-8477120, 0303-8891711; 0321-6163063, 0321-6153063, 0300-4871107",042-35711916,noorsonstrading@gmail.com; engr.abdulrauf.10@gmail.com,ICT,,ICT & Punjab,C-3,CR/24/188/C-3,30-06-2024,Solar,PPIB C-3 (upto 250 kW)
"Opp. Sui Gas Office, Near Jab Pull, Mansehra Road, Abbottabad.",0315-8842033,0315-8842033; 0316-7041982,,attiqurrahman970@gmail.com; abatterycenter@gmail.com,,,,C-3,CR/24/197/C-3,30-06-2024,Solar,PPIB C-3 (upto 250 kW)
Osaka Impex,0300-8370844,0300-8370844; 0334-3730727,,zbawani95@gmail.com; contact@osakaintl.com,ICT,,"ICT, Sindh & Balochistan",C-3,CR/24/180/C-3,30-06-2025,Solar,PPIB C-3 (upto 250 kW)
Oslo Power & Energy Company (Private) Limited,0300-8385245,0300-8385245; 0342-5202782,042-32188810; 051-2726503,info@skylandenergy.pk; info@oslopower.com.pk,ICT,,ICT & Punjab,C-3,CR/24/178/C-3,30-06-2024,Solar,PPIB C-3 (upto 250 kW)
OUTDO Trading Company,0321-6404067,"0321-6404067; 0333-5939006, 0317-0003337",,rizwanullahgorraya@gmail.com; outdotrading@gmail.com,ICT,,ICT & Punjab,C-3,CR/23/128/C-3,30-06-2024,Solar,PPIB C-3 (upto 250 kW)
PAWA (Private) Limited,0333-1111232,0333-1111232; 0342-9555555; 0320-8855444,0606-374355; 044-4771344,fahadmubaraktrading@gmail.com; zubair@ekgot.com; neelumsolarpvtltd@gmail.com,Layyah,"Chak no. 304/TDA, Main MM Road, Karor Lal Esan, Layyah.",ICT & Punjab,C-3,CR/24/173/C-3,30-06-2024,Solar,PPIB C-3 (upto 250 kW)
Perfect Services,0345-3537476,0345-3537476; 0303-6459002,,cfo@crowngroup.com.pk; fair_abid@live.com,Multan,"1507/RH, Sui Gas Road, Samejabad no. 02, Shah Rukn e-Alam Town, Multan Cantt.","ICT, Punjab, Sindh & KPK",C-3,CR/24/191/C-3,30-06-2025,Solar,PPIB C-3 (upto 250 kW)
Pleasant Solar (Private) Limited,0346-4333338,0346-4333338; 0321-8505044,"051-2305719, 2820444",pleasantsolar1081@gmail.com; technoworld.int@gmail.com,ICT,,ICT & Punjab,C-3,CR/22/043/C-3,30-06-2025,Solar,PPIB C-3 (upto 250 kW)
PNC Suppliers (Private) Limited,0321-8777895,0321-8777895; 0321-3499092,021-35141256-257; 051-8350281,malinawaz@hotmail.com; saif.abbas@pncsuppliers.com,ICT,,ICT & Punjab,C-3,CR/24/214/C-3,30-06-2024,Solar,PPIB C-3 (upto 250 kW)
Power Square,0321-8955945,0321-8955945,021-32711073,sunshine_pakistan@hotmail.com,ICT,,"ICT, Punjab & Sindh",C-3,CR/24/243/C-3,30-06-2024,Solar,PPIB C-3 (upto 250 kW)
PowerCell,0313-1310784,"0313-1310784; 0300-1105151, 0322-8555456",,mzulkifal190@gmail.com; info@powercell.pk,ICT,,ICT & Punjab,C-3,CR/24/275/C-3,30-06-2027,Solar,PPIB C-3 (upto 250 kW)
Primax Solar Energy (Private) Limited,0315-9310720,0315-9310720; 0324-4370152,042-35227077,habibreham54401@gmail.com; primaxsolarenergy@gmail.com,ICT,,"ICT, Punjab, KPK & Balochistan",C-3,CR/23/119/C-3,30-06-2024,Solar,PPIB C-3 (upto 250 kW)
Prisma Trading,"0332-5316006, 0334-5545548","0332-5316006, 0334-5545548; 0315-5125508, 0333-5546339",,hirenegg@gmail.com; nabidecent77@gmail.com,ICT,,ICT & Punjab,C-3,CR/24/267/C-3,30-06-2025,Solar,PPIB C-3 (upto 250 kW)
Qaisar Associates |,0321-8112514,0321-8112514,,gxy.trad@gmail.com; qaiserpasha1973@gmail.com,ICT,,"ICT, Punjab, Sindh, KPK & Balochistan",C-3,CR/24/200/C-3,,Solar,PPIB C-3 (upto 250 kW)
QuWatt (Private) Limited,0300-5000304,0300-5000304; 0345-2244802,"051-2150004, 2120208",info@quwatt.com; jns_generators@hotmail.com,Islamabad,"Area, Islamabad.",ICT & Punjab,C-3,CR/24/149/C-3,30-06-2024,Solar,PPIB C-3 (upto 250 kW)
Rabia International,"0331-7692627, 0345-5400498","0331-7692627, 0345-5400498; 0312-2922568",,mnaseer65@yahoo.com; rabiaintl88@hotmail.com,Karachi,"Plot H1 Shop, Block 08, Clifton, Karachi.","ICT, Punjab & Sindh",C-3,CR/24/246/C-3,30-06-2025,Solar,PPIB C-3 (upto 250 kW)
Read Solar (Private) Limited,0321-6808222,0321-6808222,,info@readgroup.com.pk,ICT,,"ICT, Punjab, & KPK",C-3,CR/23/011/C-3,30-06-2024,Solar,PPIB C-3 (upto 250 kW)
Reliance Energy Solutions,0300-8667430,"0300-8667430; 0331-4884244, 03-111-777-681",041-8729458,info@elahienergy.com; info@res.com.pk,Lahore,"21, Block-A, Ext. Judicial Colony, Phase 1, Raiwind Road, Lahore.",ICT & Punjab,C-3,CR/23/063/C-3,05-01-2026,Solar,PPIB C-3 (upto 250 kW)
Renergent Energy (Private) Limited,0300-2038530,0300-2038530; 0300-4403004,021-34140200; 042-35970111,info@solway.pk; info@renergent.com,Lahore,"Housing Society,, Phase-III, Peco, Road, Lahore.",ICT & Punjab,C-3,CR/23/051/C-3,30-06-2024,Solar,PPIB C-3 (upto 250 kW)
Royaute Energy & Engineering Co.,0300-7217396,0300-7217396; 0342-8400000,041-2552283; 042-36297644,kazsolar@yahoo.com; royaute.energy@gmail.com,ICT,,ICT & Punjab,C-3,CR/24/263/C-3,30-06-2025,Solar,PPIB C-3 (upto 250 kW)
RZ Traders,0300-4028071,0300-4028071,021-34988990,sales@alkafiengineering.com; risingimpex99@gmail.com,ICT,,ICT & Punjab,C-3,CR/24/223/C-3,30-06-2024,Solar,PPIB C-3 (upto 250 kW)
S M Industries,"0335-1203275, 0330-5845448","0335-1203275, 0330-5845448; 0300-0633243, 0321-8266060",,solarprofessional232@gmail.com; shahidlehra77@gmail.com,,"M.A. Jinnah Road,",,C-3,CR/23/107/C-3,30-06-2024,Solar,PPIB C-3 (upto 250 kW)
S.T. Brothers,"0300-0633243, 0321-8266060","0300-0633243, 0321-8266060; 0300-8238184",021-35892359,shahidlehra77@gmail.com; st.brothers@live.com,Karachi,"th Commercial Street, DHA Phase-II, Karachi.",,C-3,CR/23/108/C-3,30-06-2024,Solar,PPIB C-3 (upto 250 kW)
Saeed & Co.,0300-8329599,0300-8329599,,saif.abbas@pncsuppliers.com; saeedu407@gmail.com,ICT,,"ICT, Punjab & KPK",C-3,CR/24/215/C-3,30-06-2024,Solar,PPIB C-3 (upto 250 kW)
Safa Industry,0300-8238184,0300-8238184; 0330-5845448,021-35892359; 0213-5120360,st.brothers@live.com; safaindustry232@gmail.com,ICT,,"ICT, Punjab & Sindh",C-3,CR/24/109/C-3,30-06-2025,Solar,PPIB C-3 (upto 250 kW)
Salim Winding Works,021-32566309-10,,021-32566309-10,info@salimww.com.pk,,,,C-3,CR/24/232/C-3,30-06-2024,Solar,PPIB C-3 (upto 250 kW)
Salim Winding Works (Private) Limited,0332-2418046,0332-2418046; 0300-8267292,021-32566309-10,fahad.mirza@hotmail.com; info@salimww.com.pk,,,,C-3,CR/24/162/C-3,30-06-2024,Solar,PPIB C-3 (upto 250 kW)
Saver-Solar (Private) Limited,"0322-8484113, 0315-4660088","0322-8484113, 0315-4660088",021-32566309-10; 042-35312155,info@salimww.com.pk; info@saver-solar.com,Lahore,"1-KM Raiwind Road, Near Thokar, Lahore.","ICT, Punjab, Sindh, KPK & Balochistan",C-3,CR/24/233/C-3,,Solar,PPIB C-3 (upto 250 kW)
Saving Energy Corporation,0300-2188224,0300-2188224,"021-35680591, 35677274",se-electronics@hotmail.com,,,,C-3,CR/23/103/C-3,30-06-2024,Solar,PPIB C-3 (upto 250 kW)
Seven Star Energy,0300-6952881,"0300-6952881; 0303-6046866; 0300-2647512, 0312-2060614",061-6218373,nazrfajar@yahoo.com; info@solenergy.pk; mehboob1780@hotmail.com; hussain.solar.netmetering@gmail.com,Multan,"Naqshband Colony, LMQ Khanewal Road, Multan Cantt, Multan.",ICT & Punjab,C-3,CR/24/270/C-3,30-06-2027,Solar,PPIB C-3 (upto 250 kW)
Sidra International,0300-8230821,0300-8230821,021-32750551-2; 0323-8203104,kashif@msbintl.com; hassanfarooq278@gmail.com,Karachi,"M-156, Ground Floor, Block no. 2, P.E.C.H.S, Tariq Road, Karachi.",ICT & Punjab,C-3,CR/24/212/C-3,30-06-2024,Solar,PPIB C-3 (upto 250 kW)
Sigma Electronics,0316-0408875,0316-0408875; 0332-3329542,021-35642803,sunlightcorporations552@gmail.com; sigmapk99@gmail.com,Karachi,"Saddar, Karachi.",,C-3,CR/23/133/C-3,30-06-2024,Solar,PPIB C-3 (upto 250 kW)
Sikandar & Company,"0321-6163063, 0321-6153063, 0300-4871107","0321-6163063, 0321-6153063, 0300-4871107; 0321-8254699",,engr.abdulrauf.10@gmail.com; babar5176@icloud.com,Karachi,"10-15, Mian Chambers, Opp. Sindh Madrassah Market, Shahrah-e Liaquat, Karachi.",ICT & Punjab,C-3,CR/24/189/C-3,30-06-2024,Solar,PPIB C-3 (upto 250 kW)
Smart Home Solutions,0342-8400000,"0342-8400000; 0344-4448314, 0316-1416831",042-36297644; 042-37180429,royaute.energy@gmail.com; info@thesmarthomesolutions.com,Lahore,"274-MB, Commercial Phase VI, DHA, Lahore.",ICT & Punjab,C-3,CR/24/264/C-3,30-06-2026,Solar,PPIB C-3 (upto 250 kW)
Smart Solar,0322-4607712,0322-4607712; 0321-4850907,042-35211617,solarageinfo1@gmail.com; info@smartsolar.pk,Lahore,"497-A, Revenue Housing Society, Johar Town, Lahore.",ICT & Punjab,C-3,CR/22/031/C-3,30-06-2024,Solar,PPIB C-3 (upto 250 kW)
Sogo Solar Solutions,0300-8968964,"0300-8968964; 0332-2228051, 0331-1176527",,hammad424147@gmail.com; sj@sogosolarsolutions.com,Karachi,"Road, Karachi.",,C-3,CR/24/123/C-3,30-06-2025,Solar,PPIB C-3 (upto 250 kW)
Solar First Enterprises,"0344-9121255, 0334-9256906","0344-9121255, 0334-9256906; 0314-5553030",091-5891222,sunrise.pk21@gmail.com; solarfirst1987@gmail.com,ICT,"Industrial Estate,","ICT, Punjab, Sindh & KPK",C-3,CR/24/037/C-3,30-06-2025,Solar,PPIB C-3 (upto 250 kW)
Solar Professional,"0300-0850606, 0300-0850609","0300-0850606, 0300-0850609; 0335-1203275, 0330-5845448",,info@fusionsolarenergy.pk; solarprofessional232@gmail.com,,,,C-3,CR/24/106/C-3,30-06-2025,Solar,PPIB C-3 (upto 250 kW)
Solar Sight (Private) Limited,0300-2017035,"0300-2017035; 0315-9460852, 0304-8888322",021-32477308,barqpowersolution@gmail.com; solarsight04@gmail.com,ICT,,ICT & Punjab,C-3,CR/24/170/C-3,30-06-2024,Solar,PPIB C-3 (upto 250 kW)
Solarkon,0300-4028071,0300-4028071; 03062935768,,sales@alkafiengineering.com; risingimpex99@gmail.com; solarkoninternational@gmail.com,Lahore,"Mohalla Ghail Singh, Near WAPDA office, Ghani Road, Haveli Lakha, Lahore.",ICT & Punjab,C-3,CR/24/224/C-3,30-06-2024,Solar,PPIB C-3 (upto 250 kW)
Solartrack Services (Private) Limited,0333-9881116,"0333-9881116; 0333-0616199, 0317-0669570","081-2830376, 2006026",info@solartrackservices.com,Multan,"Society, MA Jinnah, Road, Multan.","ICT, Punjab, Sindh, KPK & Balochistan",C-3,CR/24/057/C-3,30-06-2025,Solar,PPIB C-3 (upto 250 kW)
Solutions Engineering (Private) Limited,0321-5739186,0321-5739186,,adnantariq9186@gmail.com; nadeem.malik@solutionspk.com.pk,Lahore,"Solutions Tower 95-A, DHA Phase-8, Commercial Boadway, Lahore.","ICT, Punjab, Sindh, KPK & Balochistan",C-3,CR/24/226/C-3,30-06-2026,Solar,PPIB C-3 (upto 250 kW)
Solway Energy (Private) Limited,0311-1123278,0311-1123278; 0300-2038530,042-35132344; 021-34140200,info@fastsolar.com.pk; info@solway.pk,,,,C-3,CR/24/050/C-3,30-06-2025,Solar,PPIB C-3 (upto 250 kW)
Sparkle Energy,0301-8202366,0301-8202366; 0345-6253137,021-36452224,sun.influxpk@gmail.com; sparkle.grw@gmail.com,ICT,,ICT & Punjab,C-3,CR/23/082/C-3,30-06-2024,Solar,PPIB C-3 (upto 250 kW)
Sun Influx (Private) Limited,0301-8202366,0301-8202366,021-36452224,jjc.adnan@yahoo.com; sun.influxpk@gmail.com,,,,C-3,CR/23/081/C-3,30-06-2023,Solar,PPIB C-3 (upto 250 kW)
Sun Players & Co (Private) Limited,0322-2023999,0322-2023999,042-37207888,aamir.271jb@gmail.com,ICT,,ICT & Punjab,C-3,CR/23/009/C-3,23-01-2025,Solar,PPIB C-3 (upto 250 kW)
Sunlife Solar Co. (Private) Limited,0300-8281002,"0300-8281002; 0334-3232414, 0345-4129039","021-32767670, 32767667",zeeshancapital@gmail.com; info@sunlifesolar.com.pk,ICT,,ICT & Punjab,C-3,CR/23/143/C-3,30-06-2026,Solar,PPIB C-3 (upto 250 kW)
Sunlight Corporation,0330-5845448,0330-5845448; 0316-0408875,021-35640150,azmitraders232@gmail.com; sunlightcorporations552@gmail.com,Karachi,"Upper Floor, Bohri, Road, G.H Qasim, QRT, Karachi.","ICT, Punjab, KPK & Balochistan",C-3,CR/23/132/C-3,30-06-2024,Solar,PPIB C-3 (upto 250 kW)
Sunmatic Energy,0311-4499592,0311-4499592; 0300-5016968,,md@harutoengineering.com; amash.arshad@gmail.com,,,,C-3,CR/24/235/C-3,30-06-2024,Solar,PPIB C-3 (upto 250 kW)
Supreme Industrial Films (Private) Limited,"0332-2228051, 0331-1176527","0332-2228051, 0331-1176527; 0300-8269398",,sj@sogosolarsolutions.com; info@sifl.com.pk,Karachi,"F-202, Textile Avenue, S.I.T.E., Karachi.",,C-3,CR/24/124/C-3,30-06-2026,Solar,PPIB C-3 (upto 250 kW)
Swift Solar Energy (Private) Limited,"0333-9912299, 0332-8217779","0333-9912299, 0332-8217779; 0304-7266266, 0300-0780825",,info@archies.com.pk; swiftsolarenergy786@gmail.com,ICT,,ICT & Punjab,C-3,CR/24/185/C-3,30-06-2025,Solar,PPIB C-3 (upto 250 kW)
Tajsol,0302-8313999,0302-8313999,021-35308637-38,yar.muhammad@tajsol.com,ICT,,"ICT, Sindh & Balochistan",C-3,CR/22/017/C-3,30-06-2022,Solar,PPIB C-3 (upto 250 kW)
Tayyab Corporation,0336-3000882,0336-3000882; 0321-2398915,"021-32712155,",fahadmemon701@gmail.com; libra_tayyab@hotmail.com,Karachi,"RB-11/8, Office no. 01, Tariq Center, 5Khilani Building, Ramchander Temple Road, Behind Radio Pakistan, Karachi.",,C-3,CR/24/240/C-3,30-06-2024,Solar,PPIB C-3 (upto 250 kW)
Teravolt Energy (Private) Limited,0333-2354464,0333-2354464; 0301-6833666,,artisansolar@outlook.com; aribmalik@gmail.com,,"Industrial Area,",,C-3,CR/24/072/C-3,30-06-2025,Solar,PPIB C-3 (upto 250 kW)
Terrific Solutions,0300-8283955,0300-8283955; 0320-7837978,021-35243540; 042-35847800,waqas@iandninternational.com; info@terrific.pk,ICT,"Shlamar Town,",ICT & Punjab,C-3,CR/24/193/C-3,30-06-2025,Solar,PPIB C-3 (upto 250 kW)
TFP Solar (Private) Limited,"0300-9508525, 0315-9135406","0300-9508525, 0315-9135406; 0321-8804444; 0302-0220148","091-2010700, 051-4718225, 2223111",adamenergy111@gmail.com; hnstradersco@gmail.com; info@thefuturepower.com,,,,C-3,CR/24/249/C-3,30-06-2025,Solar,PPIB C-3 (upto 250 kW)
The FM's Trading,0305-8411502,0305-8411502; 0321-2550299,,nexfluxsolar@gmail.com; fmsgroupinfo@gmail.com,,,,C-3,CR/24/228/C-3,30-06-2025,Solar,PPIB C-3 (upto 250 kW)
Trisun Energies,0342-5202782,0342-5202782; 0300-8370844,051-2726503,info@oslopower.com.pk; zbawani95@gmail.com,,,,C-3,CR/24/179/C-3,,Solar,PPIB C-3 (upto 250 kW)
Trisun Energies (Private) Limited,0302-8313999,0302-8313999; 0336-5770608,021-35308637-38,yar.muhammad@tajsol.com; trisunenergies@gmail.com,,,,C-3,CR/24/018/C-3,18-04-2025,Solar,PPIB C-3 (upto 250 kW)
Trisun Power (Private) Limited,0316-7041982,0316-7041982; 0300-8664834,,abatterycenter@gmail.com; sajawalawan68@yahoo.com,Faisalabad,"P-354, Askari Plaza, Kashmir Road, Amin Town, Faisalabad., Jinnah Road,",ICT & Punjab,C-3,CR/24/198/C-3,30-06-2025,Solar,PPIB C-3 (upto 250 kW)
Union Enterprises,0320-7837978,0320-7837978; 0321-8251572,042-35847800,info@terrific.pk; amir@azamtelesources.com,,,,C-3,CR/24/194/C-3,30-06-2025,Solar,PPIB C-3 (upto 250 kW)
Universal Overseas Agency (Private) Limited,0300-4240976,0300-4240976; 0322-2240016; 0300-8201082,"021-34540614, 34527664; 021-32724078, 32723957",mnazmughal17@gmail.com; director@mmydsynergy.com; bawaney@hotmail.com,Karachi,"9-A, Rehman Mansion, Frere Road, Saddar, Karachi.",,C-3,CR/24/259/C-3,30-06-2025,Solar,PPIB C-3 (upto 250 kW)
"VI, DHA, Lahore. Balochistan",0348-0569603,0348-0569603; 0320-6327727,,teela66866@gmail.com; sales@r-power.com.pk; tahir2710@gmail.com; usmanlodhi00000@gmail.com,Multan,"G-29, Ground Floor,, Multan Trade, Road, Multan.","ICT, Punjab, Sindh, KPK & Balochistan",C-3,CR/23/095/C-3,30-06-2024,Solar,PPIB C-3 (upto 250 kW)
Vohra Traders,"0335-3572756, 0318-1257242","0335-3572756, 0318-1257242; 0321-8205805",021-32477348,burraq.esolutions@gmail.com; vohratraders@gmail.com,,,,C-3,CR/23/121/C-3,30-06-2024,Solar,PPIB C-3 (upto 250 kW)
Waqar Trading Company,"0345-2252223, 0321-2252223","0345-2252223, 0321-2252223; 0321-5370242, 0316-4022222",,info@sultanenergys.com; jay.londonmet@gmail.com,Lahore,"352-E-Block, PIA Housing Society, Near Johar Town, Lahore.",ICT & Punjab,C-3,CR/24/182/C-3,30-06-2024,Solar,PPIB C-3 (upto 250 kW)
Xiamen Zhizheng Energy Services (Private) Limited,0315-5650597,0315-5650597; 0333-6859994,091-5816556,ehtishamakbar1@gmail.com; sabzali.jvca@gmail.com,ICT,,"ICT, Punjab & KPK",C-3,CR/24/203/C-3,30-06-2024,Solar,PPIB C-3 (upto 250 kW)
YK Traders,0320-8106314,0320-8106314; 0300-5743814,,info@moveenergy.co; yarkhan1984.yk53@gmail.com,ICT,"Hussain Road,",ICT & KPK,C-3,CR/24/253/C-3,30-06-2025,Solar & Wind,PPIB C-3 (upto 250 kW)
ZEM Co.,0300-3833836,"0300-3833836; 0332-8777703, 0312-8777701","021-35853637-8, 35897779",siddiq_khan@hotmail.com; zemcorp10@gmail.com,ICT,"M.A Jinnah Road,",ICT & Balochistan,C-3,CR/24/100/C-3,30-06-2025,Solar,PPIB C-3 (upto 250 kW)